PlotName,Plot-No,ENV,Rep,Blk,Entry,Pedigree,DA,DS,ASI,PHT,EHT,RL,SL,HCV,PASP,EASP,EPP,EAROT  ,GY,STGC
BA21364_IK'OPT_1001,1001,WW,1,1,E79,TZEEIOR 365 X TZEEIOR 249,52,52,0,173.6,99.4,0,12.5,4,4,6,0.88,35.71,6488.888889,
BA21364_IK'OPT_1002,1002,WW,1,1,E122,TZEEIOR 540 X TZEEIOR 197,53,53,0,188.8,89,0,0,3,5,4,1.06,31.58,7677.559913,
BA21364_IK'OPT_1003,1003,WW,1,1,E166,TZEEIOR 24 X TZEEIOR 30 ,53,53,0,176.4,83,0,0,2,5,4,1,5.56,4559.477124,
BA21364_IK'OPT_1004,1004,WW,1,1,E86,TZEEIOR 540 X TZEEIOR 249,51,51,0,184.2,87.2,0,0,6,4,4,1,55.56,8648.801743,
BA21364_IK'OPT_1005,1005,WW,1,1,E48,TZEEIOR 513 X TZEEIOR 97,52,51,1,175.8,111,0,0,4,4,6,1,47.06,6784.313725,
BA21364_IK'OPT_1006,1006,WW,1,1,E144,TZEEIOR 305 X TZEEIOR 197,52,52,0,171.4,67,0,11.11,3,4,3,1.06,5.26,7878.431373,
BA21364_IK'OPT_1007,1007,WW,1,1,E47,TZEEIOR 479 X TZEEIOR 97,51,51,0,176.4,87.2,0,16.67,4,4,4,0.89,25,5627.45098,
BA21364_IK'OPT_1008,1008,WW,1,1,E53,TZEEIOR 542 TZEEIOR 97 ,55,55,0,185,90,0,0,4,3,3,0.94,6.25,8079.738562,
BA21364_IK'OPT_1009,1009,WW,1,1,E66,TZEEIOR 536 X TZEEIOR 97,55,55,0,172,93.2,0,0,5,5,6,0.94,11.76,6562.962963,
BA21364_IK'OPT_1010,1010,WW,1,1,E88,TZEEIOR 523 X TZEEIOR 249,52,52,0,153.4,81.8,0,77.78,6,6,4,1,44.44,3834.422658,
BA21364_IK'OPT_1011,1011,WW,1,1,E93,TZEEIOR 24 X TZEEIOR 249 ,55,56,1,195,90.2,0,0,5,5,4,1,16.67,5041.394336,
BA21364_IK'OPT_1012,1012,WW,1,1,E115,TZEEIOR 365 X TZEEIOR 197,53,53,0,179,85,0,0,3,4,5,1,22.22,8015.686275,
BA21364_IK'OPT_1013,1013,WW,1,1,E155,TZEEIOR 458 X TZEEIOR 30,52,51,1,150,87,0,0,3,6,5,0.94,35.29,3816.993464,
BA21364_IK'OPT_1014,1014,WW,1,1,E183,TZEEIOR 30 X TZEEIOR 249,53,53,0,175,94.4,0,17.65,4,5,4,0.88,46.67,5725.490196,
BA21364_IK'OPT_1015,1015,WW,1,2,E124,TZEEIOR 523 X TZEEIOR 197,53,53,0,169.8,96.4,0,29.41,3,5,3,1,35.29,4517.647059,
BA21364_IK'OPT_1016,1016,WW,1,2,E154,TZEEIOR 515 X TZEEIORV 30,50,49,1,167.8,84,0,0,3,4,5,0.94,35.29,6065.359477,
BA21364_IK'OPT_1017,1017,WW,1,2,E139,TZEEIOR 486 X TZEEIOR 197,53,54,1,171.2,92.2,0,0,3,4,4,0.94,23.53,6121.132898,
BA21364_IK'OPT_1018,1018,WW,1,2,E168,TZEEIOR 41 X TZEEEIOR 30,54,56,2,168.6,83.4,0,0,3,6,4,0.78,35.71,1843.137255,
BA21364_IK'OPT_1019,1019,WW,1,2,E138,TZEEIOR 536 X TZEEIOR 197,53,53,0,171.8,83.2,0,0,3,3,4,1.11,40,8829.1939,
BA21364_IK'OPT_1020,1020,WW,1,2,E29,TZEEIOR 349 XTZEEIOR  9 A,53,53,0,147.8,96,16.67,61.11,4,5,5,0.78,50,3605.446623,
BA21364_IK'OPT_1021,1021,WW,1,2,E85,TZEEIOR 509 X TZEEIOR 249,52,52,0,166.2,80,0,37.5,6,6,4,0.88,50,3764.705882,
BA21364_IK'OPT_1022,1022,WW,1,2,E129,TZEEIOR 24 X TZEEIOR 197 ,53,53,0,190.6,81,0,0,4,4,5,0.93,15.38,4265.795207,
BA21364_IK'OPT_1023,1023,WW,1,2,E176,TZEEIOR 486 X TZEEIOR 30,53,54,1,161.8,84.2,0,0,2,4,3,0.94,58.82,4990.413943,
BA21364_IK'OPT_1024,1024,WW,1,2,E30,TZEEIOR 536 X TZEEIOR  9 A,52,51,1,155.6,87.4,0,52.94,6,4,4,1,58.82,4030.718954,
BA21364_IK'OPT_1025,1025,WW,1,2,E118,TZEEIOR 458 X TZEEIOR 197,49,49,0,183.6,82,0,11.76,3,3,4,1,5.88,6854.901961,
BA21364_IK'OPT_1026,1026,WW,1,2,E110,TZEEIOR 321 X TZEEIOR 197,51,51,0,180.4,92,0,11.11,3,4,5,1.06,31.58,4564.705882,
BA21364_IK'OPT_1027,1027,WW,1,2,E68,TZEEIOR 526 X TZEEIOR 97,53,53,0,171.4,78.4,0,0,3,4,4,0.89,18.75,4559.477124,
BA21364_IK'OPT_1028,1028,WW,1,2,E57,TZEEIOR 24 X TZEEIOR 97 ,54,54,0,189.8,81.4,0,0,3,5,5,1,16.67,4491.503268,
BA21364_IK'OPT_1029,1029,WW,1,3,E192,CHECK 2 - TZEEI 79 x TZEEI 82,50,51,1,177.6,101.6,0,0,2,4,4,1.06,10.53,4280.174292,
BA21364_IK'OPT_1030,1030,WW,1,3,E98,TZEEIOR 221 X TZEEIOR 249 ,52,52,0,186.6,86,0,0,4,3,6,0.88,13.33,3734.204793,
BA21364_IK'OPT_1031,1031,WW,1,3,E96,TZEEIOR 45 X TZEE OR 249,52,52,0,171.2,85.8,0,0,5,4,3,0.94,11.76,4270.588235,
BA21364_IK'OPT_1032,1032,WW,1,3,E127,TZEEIOR 202 X TZEEIOR 197,55,56,1,174.4,83.8,0,0,2,5,4,0.94,12.5,3074.509804,
BA21364_IK'OPT_1033,1033,WW,1,3,E94,TZEEIOR 28 X TZEEIOR 249,53,54,1,187.6,99.2,0,0,6,4,5,0.83,26.67,3439.215686,
BA21364_IK'OPT_1034,1034,WW,1,3,E147,TZEEIOR 314 X TZEEIOR 30,50,49,1,154.2,85.4,0,0,3,3,6,0.94,0,7301.960784,
BA21364_IK'OPT_1035,1035,WW,1,3,E196,CHECK 6 -TZdEEI 1 x TZdEEI 12,53,53,0,149,89,0,0,3,6,5,1,23.53,2725.533769,
BA21364_IK'OPT_1036,1036,WW,1,3,E5,TZEEIOR 384 XTZEEIOR  9 A ,52,52,0,162.6,80,0,35.29,5,5,4,0.94,50,4601.30719,
BA21364_IK'OPT_1037,1037,WW,1,3,E21,TZEEIOR 24 X TZEEIOR  9 A ,50,50,0,183,96,0,0,5,4,5,1,16.67,6907.276688,
BA21364_IK'OPT_1038,1038,WW,1,3,E61,TZEEIOR 209 X TZEEIOR 97,51,51,0,203,89.4,0,0,3,3,5,1,27.78,6878.431373,
BA21364_IK'OPT_1039,1039,WW,1,3,E37,TZEEIOR 346 X TZEEIOR 97,51,51,0,193.2,96.6,0,11.76,4,3,3,0.94,12.5,5439.607843,
BA21364_IK'OPT_1040,1040,WW,1,3,E41,TZEEIOR 384 XTZEEIOR 97 ,51,50,1,195.8,84.4,0,0,4,4,3,1,11.11,5686.27451,
BA21364_IK'OPT_1041,1041,WW,1,3,E133,TZEEIOR 209 X TZEEIOR 197,51,52,1,194.8,85.4,0,22.22,4,4,4,1.06,21.05,5471.895425,
BA21364_IK'OPT_1042,1042,WW,1,3,E161,TZEEIOR 523 X TZEEIOR 30,50,50,0,171,90.2,0,50,5,5,3,0.89,18.75,6014.117647,
BA21364_IK'OPT_1043,1043,WW,1,4,E90,TZEEIOR 500 X TZEEIOR 249,50,50,0,168,72,0,72.22,6,4,5,1,22.22,4528.104575,
BA21364_IK'OPT_1044,1044,WW,1,4,E113,TZEEIOR 384 XTZEEIOR 197 ,50,49,1,180.6,86.6,0,50,3,3,5,1,0,7152.941176,
BA21364_IK'OPT_1045,1045,WW,1,4,E195,CHECK 5 - TZEEIOR 12 x TZEEIOR 223,51,52,1,176.6,101,0,0,5,4,4,1,0,5988.671024,
BA21364_IK'OPT_1046,1046,WW,1,4,E125,TZEEIOR 542 TZEEIOR 197 ,52,52,0,194.6,70,0,0,3,3,3,0.94,0,7860.130719,
BA21364_IK'OPT_1047,1047,WW,1,4,E34,TZEEIOR 510 X TZEEIOR  9 A,50,50,0,171,89.2,0,0,4,5,5,0.72,30.77,4611.764706,
BA21364_IK'OPT_1048,1048,WW,1,4,E172,TZEEIOR 142 X TZEEIOR 30,55,55,0,190,97.8,0,0,5,5,5,1,33.33,4837.472767,
BA21364_IK'OPT_1049,1049,WW,1,4,E188,TZEEIOR 197 X TZEEIOR 9A ,50,50,0,180.6,85,0,0,3,4,5,1,5.56,7825.708061,
BA21364_IK'OPT_1050,1050,WW,1,4,E177,TZEEIOR 526 X TZEEIOR 30,53,53,0,154.4,93.6,0,0,3,5,5,0.88,33.33,5836.601307,
BA21364_IK'OPT_1051,1051,WW,1,4,E137,TZEEIOR 349 XTZEEIOR 197,52,52,0,176.2,84.8,0,0,4,4,5,0.93,14.29,6303.703704,
BA21364_IK'OPT_1052,1052,WW,1,4,E23,TZEEIOR 41 X TZEEEIOR  9 A,50,50,0,178,80,0,0,4,4,5,0.93,42.86,4270.588235,
BA21364_IK'OPT_1053,1053,WW,1,4,E102,TZEEIOR 536 X TZEEIOR 249,50,50,0,184.2,78.6,0,0,6,4,5,0.94,33.33,8618.823529,
BA21364_IK'OPT_1054,1054,WW,1,4,E12,TZEEIOR 513 X TZEEIOR  9 A,48,48,0,179.6,81,0,11.11,6,4,5,1.06,21.05,7346.405229,
BA21364_IK'OPT_1055,1055,WW,1,4,E151,TZEEIOR 365 X TZEEIOR 30,48,47,1,198,85,0,0,2,3,2,0.94,52.94,6949.019608,
BA21364_IK'OPT_1056,1056,WW,1,4,E3,TZEEIOR 314 X TZEEIOR  9 A,50,50,0,182.6,92.8,0,0,4,4,5,0.94,6.25,7026.230937,
BA21364_IK'OPT_1057,1057,WW,1,5,E146,TZEEIOR 321 X TZEEIOR 30,50,49,1,174.6,91.8,0,0,3,5,4,1,5.56,8107.189542,
BA21364_IK'OPT_1058,1058,WW,1,5,E87,TZEEIOR 548 X TZEEIOR 249,49,49,0,183.4,90,0,0,6,4,3,1,11.11,9679.084967,
BA21364_IK'OPT_1059,1059,WW,1,5,E189,TZEEIOR 197 X TZEEIOR 249,48,49,1,200.6,83,0,0,4,5,5,0.89,31.25,7694.989107,
BA21364_IK'OPT_1060,1060,WW,1,5,E109,TZEEIOR 346 X TZEEIOR 197,48,48,0,202.2,78,0,0,2,3,4,1,5.56,9618.736383,
BA21364_IK'OPT_1061,1061,WW,1,5,E136,TZEEIOR 381 X TZEEIOR 197,48,48,0,200.4,71.2,0,0,3,3,4,1,11.11,9985.098039,
BA21364_IK'OPT_1062,1062,WW,1,5,E42,TZEEIOR 289 X TZEEIOR 97,50,50,0,203.6,72.2,0,0,5,2,4,0.94,17.65,11221.96078,
BA21364_IK'OPT_1063,1063,WW,1,5,E117,TZEEIOR 515 X TZEEIOR 197 ,48,48,0,210.6,84,0,0,2,3,4,1,11.11,10376.47059,
BA21364_IK'OPT_1064,1064,WW,1,5,E190,TZEEIOR 249 X TZEEIOR 9 A ,48,48,0,190.4,77,0,0,3,4,5,1,5.56,7370.457516,
BA21364_IK'OPT_1065,1065,WW,1,5,E44,TZEEIOR 290 X TZEEIOR 97,50,50,0,196,84.4,0,0,5,3,5,0.89,18.75,8435.555556,
BA21364_IK'OPT_1066,1066,WW,1,5,E159,TZEEIOR 540 X TZEEIOR 30,48,48,0,559.6,74.6,0,0,3,4,3,1,16.67,8052.287582,
BA21364_IK'OPT_1067,1067,WW,1,5,E140,TZEEIOR 526 X TZEEIOR 197,51,52,1,184.8,97.8,0,0,2,4,4,0.94,17.65,7663.398693,
BA21364_IK'OPT_1068,1068,WW,1,5,E4,TZEEIOR 396 X TZEEIOR  9 A,50,50,0,186,83.8,0,0,5,4,5,0.94,5.88,6970.718954,
BA21364_IK'OPT_1069,1069,WW,1,5,E99,TZEEIOR 142 X TZEEIOR 249,51,51,0,207.8,83.2,0,0,6,3,6,1,0,8387.799564,
BA21364_IK'OPT_1070,1070,WW,1,5,E106,TZEEIOR 510 X TZEEIOR 249,51,51,0,195,85.4,0,0,5,3,5,0.94,12.5,8530.544662,
BA21364_IK'OPT_1071,1071,WW,1,6,E70,TZEEIOR 510 X TZEEIOR 97,50,50,0,211.4,87.8,0,0,4,2,5,0.94,17.65,10282.35294,
BA21364_IK'OPT_1072,1072,WW,1,6,E56,TZEEIOR 205 X TZEEIOR 97 ,51,52,1,213.8,92,0,0,2,3,5,0.94,5.88,6466.666667,
BA21364_IK'OPT_1073,1073,WW,1,6,E74,TZEEIOR 321 X TZEEIOR 249,50,50,0,182,97,0,0,6,4,6,1.06,5.26,4939.433551,
BA21364_IK'OPT_1074,1074,WW,1,6,E179,TZEEIOR 510 X TZEEIOR 30,50,50,0,177.4,101.4,0,0,4,5,6,1.06,10.53,7240.522876,
BA21364_IK'OPT_1075,1075,WW,1,6,E19,TZEEIOR 202 X TZEEIOR  9 A,53,53,0,190.8,100.4,0,0,4,5,3,1.06,5.26,6784.313725,
BA21364_IK'OPT_1076,1076,WW,1,6,E178,TZEEIOR 525 X TZEEIOR 30,51,51,0,184.2,89.6,0,0,3,4,5,0.94,17.65,5633.986928,
BA21364_IK'OPT_1077,1077,WW,1,6,E184,TZEEIOR 30 X TZEEIOR 9 A,51,51,0,179,81,0,22.22,2,4,5,1,16.67,6257.603486,
BA21364_IK'OPT_1078,1078,WW,1,6,E107,TZEEIOR 546 X TZEEIOR 249,52,52,0,176.6,76.4,0,27.78,6,5,5,0.94,0,4265.795207,
BA21364_IK'OPT_1079,1079,WW,1,6,E26,TZEEIOR 221 X TZEEIOR  9 A ,52,53,1,165.2,93.8,0,22.22,4,6,3,0.94,11.76,4280.174292,
BA21364_IK'OPT_1080,1080,WW,1,6,E6,TZEEIOR 289 X TZEEIOR  9 A,53,53,0,160.8,78.8,0,0,6,5,3,1.06,10.53,4780.653595,
BA21364_IK'OPT_1081,1081,WW,1,6,E33,TZEEIOR 525 X TZEEIOR  9 A,53,53,0,170.6,81.2,0,47.06,2,4,5,0.94,12.5,5047.058824,
BA21364_IK'OPT_1082,1082,WW,1,6,E169,TZEEIOR 45 X TZEE OR 30,55,56,1,174.4,94.2,0,16.67,2,6,4,0.78,7.14,1551.198257,
BA21364_IK'OPT_1083,1083,WW,1,6,E112,TZEEIOR 396 X TZEEIOR 197,51,51,0,174.2,109.6,0,50,2,3,4,1,5.56,6901.960784,
BA21364_IK'OPT_1084,1084,WW,1,6,E43,TZEEIOR 365 X TZEEIOR 97,52,52,0,176,85.2,0,77.78,2,5,4,1,5.56,4643.137255,
BA21364_IK'OPT_1085,1085,WW,1,7,E22,TZEEIOR 28 X TZEEIOR  9 A,49,49,0,177.8,72,0,11.11,4,4,5,1,5.56,4660.740741,
BA21364_IK'OPT_1086,1086,WW,1,7,E97,TZEEIOR 209 X TZEEIOR 249,52,52,0,180.4,82,0,0,5,5,3,0.94,0,4616.993464,
BA21364_IK'OPT_1087,1087,WW,1,7,E95,TZEEIOR 41 X TZEEEIOR 249,52,52,0,190.2,101,0,0,6,4,4,0.89,6.25,5072.941176,
BA21364_IK'OPT_1088,1088,WW,1,7,E164,TZEEIOR 202 X TZEEIOR 30,53,53,0,189.2,79.2,0,11.11,3,5,4,1,5.56,5764.705882,
BA21364_IK'OPT_1089,1089,WW,1,7,E14,TZEEIOR 540 X TZEEIOR  9 A,53,53,0,153,92,0,35.29,5,6,4,0.65,18.18,1998.431373,
BA21364_IK'OPT_1090,1090,WW,1,7,E62,TZEEIOR 221 X TZEEIOR 97 ,56,56,0,177.4,80,0,11.76,6,6,4,1,5.88,3147.799564,
BA21364_IK'OPT_1091,1091,WW,1,7,E46,TZEEIOR 458 X TZEEIOR 97,50,50,0,185,106,0,0,4,3,7,1,16.67,8359.041394,
BA21364_IK'OPT_1092,1092,WW,1,7,E15,TZEEIOR 548 X TZEEIOR  9 A,51,51,0,164.6,89,0,50,4,4,5,0.78,14.29,4754.684096,
BA21364_IK'OPT_1093,1093,WW,1,7,E13,TZEEIOR 509 X TZEEIOR  9 A,51,51,0,164.2,94.4,0,11.11,5,5,5,0.94,5.88,4170.021786,
BA21364_IK'OPT_1094,1094,WW,1,7,E58,TZEEIOR 28 X TZEEIOR 97,51,51,0,197.2,78.6,0,0,4,5,4,0.94,11.76,4590.849673,
BA21364_IK'OPT_1095,1095,WW,1,7,E40,TZEEIOR 396 X TZEEIOR 97,52,52,0,174,83,0,0,5,5,4,1,11.11,4771.24183,
BA21364_IK'OPT_1096,1096,WW,1,7,E156,TZEEIOR 479 X TZEEIOR 30,50,50,0,176.8,93.6,0,22.22,2,6,5,0.94,11.76,6131.328976,
BA21364_IK'OPT_1097,1097,WW,1,7,E38,TZEEIOR 321 X TZEEIOR 97,51,50,1,185.6,86.8,0,0,4,4,5,1,11.11,7602.091503,
BA21364_IK'OPT_1098,1098,WW,1,7,E119,TZEEIOR 479 X TZEEIOR 197,51,50,1,195,83,0,0,2,5,5,1.06,10.53,6451.851852,
BA21364_IK'OPT_1099,1099,WW,1,8,E175,TZEEIOR 536 X TZEEIOR 30,51,51,0,182.6,95.2,0,22.22,3,4,5,1.11,10,7269.716776,
BA21364_IK'OPT_1100,1100,WW,1,8,E167,TZEEIOR 28 X TZEEIOR 30,53,54,1,181,90.8,0,0,4,6,5,0.44,12.5,756.4270153,
BA21364_IK'OPT_1101,1101,WW,1,8,E77,TZEEIOR 384 XTZEEIOR 249 ,51,51,0,189.4,87.2,0,11.11,5,4,4,0.94,5.88,5742.222222,
BA21364_IK'OPT_1102,1102,WW,1,8,E171,TZEEIOR 221 X TZEEIOR 30 ,51,51,0,178.4,82.8,0,0,2,4,4,0.89,6.25,5601.30719,
BA21364_IK'OPT_1103,1103,WW,1,8,E108,TZEEIOR 305 X TZEEIOR 249,51,51,0,169.6,85.6,0,0,4,3,5,0.88,6.67,6790.457516,
BA21364_IK'OPT_1104,1104,WW,1,8,E185,TZEEIOR 97 X TZEEIOR 197 ,55,55,0,188,91,0,0,2,6,4,0.89,12.5,5215.686275,
BA21364_IK'OPT_1105,1105,WW,1,8,E63,TZEEIOR 142 X TZEEIOR 97,56,57,1,197.4,90,0,0,5,5,6,1.06,0,6183.877996,
BA21364_IK'OPT_1106,1106,WW,1,8,E142,TZEEIOR 510 X TZEEIOR 197,52,52,0,184.8,87,0,0,3,4,5,1,11.11,7755.991285,
BA21364_IK'OPT_1107,1107,WW,1,8,E128,TZEEIOR 205 X TZEEIOR 197 ,53,54,1,199.2,92.4,0,0,2,3,5,0.94,5.88,5745.098039,
BA21364_IK'OPT_1108,1108,WW,1,8,E134,TZEEIOR 221 X TZEEIOR 197 ,51,52,1,188.8,101.2,0,0,2,4,6,1,11.11,6622.222222,
BA21364_IK'OPT_1109,1109,WW,1,8,E81,TZEEIOR 515 X TZEEIOR 249 ,51,51,0,191,68,0,0,5,3,4,1,11.11,6653.72549,
BA21364_IK'OPT_1110,1110,WW,1,8,E92,TZEEIOR 205 X TZEEIOR 249 ,55,56,1,195.8,81,0,0,6,4,3,1,5.88,6190.849673,
BA21364_IK'OPT_1111,1111,WW,1,8,E84,TZEEIOR 513 X TZEEIOR 249,51,51,0,168.8,96,0,0,6,5,5,0.94,6.25,4606.535948,
BA21364_IK'OPT_1112,1112,WW,1,8,E69,TZEEIOR 525 X TZEEIOR 97,52,52,0,171.4,92,0,0,2,5,5,1.11,5,7368.191721,
BA21364_IK'OPT_1113,1113,WW,1,9,E101,TZEEIOR 349 XTZEEIOR 249,50,50,0,177.2,75,0,0,4,4,3,0.94,12.5,6100.217865,
BA21364_IK'OPT_1114,1114,WW,1,9,E17,TZEEIOR 542 TZEEIOR  9 A ,53,52,1,161.2,84,0,20,6,6,5,0.8,16.67,3962.91939,
BA21364_IK'OPT_1115,1115,WW,1,9,E71,TZEEIOR 546 X TZEEIOR 97,54,53,1,177.8,85,0,0,5,4,4,1.06,10.53,7694.989107,
BA21364_IK'OPT_1116,1116,WW,1,9,E160,TZEEIOR 548 X TZEEIOR 30,54,53,1,153.8,85,0,0,3,5,5,1.06,10.53,6925.490196,
BA21364_IK'OPT_1117,1117,WW,1,9,E132,TZEEIOR 45 X TZEE OR 197,52,52,0,177.2,73.4,0,0,2,4,4,1.11,0,5758.169935,
BA21364_IK'OPT_1118,1118,WW,1,9,E82,TZEEIOR 458 X TZEEIOR 249,52,52,0,169.2,87,0,0,6,5,5,0.89,25,5076.601307,
BA21364_IK'OPT_1119,1119,WW,1,9,E194,CHECH 4 - TZdEEI 1 x TZdEEI 5,50,50,0,180.6,85.4,0,0,4,4,5,1,5.56,5691.285403,
BA21364_IK'OPT_1120,1120,WW,1,9,E73,TZEEIOR 346 X TZEEIOR 249,50,50,0,171,88.2,0,0,6,4,3,1,16.67,6207.494553,
BA21364_IK'OPT_1121,1121,WW,1,9,E180,TZEEIOR 546 X TZEEIOR 30,52,51,1,168.6,89.8,0,0,5,4,5,0.94,25,7235.729847,
BA21364_IK'OPT_1122,1122,WW,1,9,E67,TZEEIOR 486 X TZEEIOR 97,54,54,0,173.2,89.4,0,0,4,4,5,0.94,23.53,8738.997821,
BA21364_IK'OPT_1123,1123,WW,1,9,E27,TZEEIOR 142 X TZEEIOR  9 A,55,55,0,162.6,80.2,0,0,4,6,4,1,18.75,4533.333333,
BA21364_IK'OPT_1124,1124,WW,1,9,E181,TZEEIOR 30 X TZEEIOR 97,54,54,0,169.2,105.6,0,0,4,4,5,0.94,6.67,6980.392157,
BA21364_IK'OPT_1125,1125,WW,1,9,E165,TZEEIOR 205 X TZEEIOR 30 ,51,51,0,181.2,78.6,0,0,3,4,3,1,55.56,8198.69281,
BA21364_IK'OPT_1126,1126,WW,1,9,E130,TZEEIOR 28 X TZEEIOR 197,53,54,1,167,94.2,0,0,2,5,4,1,38.89,6232.679739,
BA21364_IK'OPT_1127,1127,WW,1,10,E120,TZEEIOR 513 X TZEEIOR 197,53,53,0,183.6,88.6,0,0,3,4,5,1.06,31.58,9192.156863,
BA21364_IK'OPT_1128,1128,WW,1,10,E16,TZEEIOR 523 X TZEEIOR  9 A,50,50,0,152,78,0,0,5,6,5,1.12,31.58,4900.392157,
BA21364_IK'OPT_1129,1129,WW,1,10,E54,TZEEIOR 500 X TZEEIOR 97,51,51,0,177,78.2,0,11.11,4,5,5,1.06,26.32,6541.960784,
BA21364_IK'OPT_1130,1130,WW,1,10,E9,TZEEIOR 515 X TZEEIOR  9 A ,50,50,0,158.6,84,0,16.67,4,5,6,0.89,18.75,5471.895425,
BA21364_IK'OPT_1131,1131,WW,1,10,E150,TZEEIOR 289 X TZEEIOR 30,50,50,0,164.2,83.4,0,0,4,4,3,1,17.65,8024.836601,
BA21364_IK'OPT_1132,1132,WW,1,10,E126,TZEEIOR 500 X TZEEIOR 197,50,50,0,175,84,0,0,3,4,3,1,16.67,6839.215686,
BA21364_IK'OPT_1133,1133,WW,1,10,E103,TZEEIOR 486 X TZEEIOR 249,51,51,0,174,73,0,0,4,4,5,1,22.22,7376.470588,
BA21364_IK'OPT_1134,1134,WW,1,10,E163,TZEEIOR 500 X TZEEIOR 30,50,50,0,156.8,93,0,0,2,5,4,1,11.11,4632.679739,
BA21364_IK'OPT_1135,1135,WW,1,10,E45,TZEEIOR 515 X TZEEIOR 97 ,51,51,0,185,82.4,0,0,3,3,6,1,5.56,8919.389978,
BA21364_IK'OPT_1136,1136,WW,1,10,E157,TZEEIOR 513 X TZEEIOR 30,49,49,0,161.4,93.6,0,0,3,5,4,1,0,4280.174292,
BA21364_IK'OPT_1137,1137,WW,1,10,E152,TZEEIOR 305  X TZEEIOR 30,51,50,1,162.4,88,0,0,2,4,5,0.94,5.88,5810.457516,
BA21364_IK'OPT_1138,1138,WW,1,10,E162,TZEEIOR 542 TZEEIOR 30 ,52,51,1,171,94,0,0,3,3,3,1,0,8899.346405,
BA21364_IK'OPT_1139,1139,WW,1,10,E2,TZEEIOR 321 X TZEEIOR  9 A,52,52,0,152.6,79,0,33.33,4,5,3,0.94,17.65,3250.196078,
BA21364_IK'OPT_1140,1140,WW,1,10,E55,TZEEIOR 202 X TZEEIOR 97,52,52,0,193.2,82.6,0,0,3,2,3,1.06,0,8116.339869,
BA21364_IK'OPT_1141,1141,WW,1,11,E83,TZEEIOR 479 X TZEEIOR 249,50,50,0,191.2,97,0,0,6,5,4,0.94,17.65,7378.823529,
BA21364_IK'OPT_1142,1142,WW,1,11,E104,TZEEIOR 526 X TZEEIOR 249,50,50,0,180.6,88,0,0,3,4,5,0.94,23.53,6878.431373,
BA21364_IK'OPT_1143,1143,WW,1,11,E121,TZEEIOR 509 X TZEEIOR 197,50,50,0,182.2,98.2,0,0,2,3,6,1,0,7712.418301,
BA21364_IK'OPT_1144,1144,WW,1,11,E49,TZEEIOR 509 X TZEEIOR 97,51,51,0,176,90,0,0,5,5,5,1,11.11,6663.703704,
BA21364_IK'OPT_1145,1145,WW,1,11,E105,TZEEIOR 525 X TZEEIOR 249,51,51,0,173,89.4,0,0,4,5,4,0.94,11.76,3427.45098,
BA21364_IK'OPT_1146,1146,WW,1,11,E182,TZEEIOR 30 X TZEEIOR 197,51,51,0,184.4,79,0,0,2,4,4,0.89,6.25,6142.04793,
BA21364_IK'OPT_1147,1147,WW,1,11,E123,TZEEIOR 548 X TZEEIOR 197,51,51,0,184.4,93.8,0,27.78,2,3,4,0.94,17.65,6142.04793,
BA21364_IK'OPT_1148,1148,WW,1,11,E7,TZEEIOR 365 X TZEEIOR  9 A,51,52,1,170.6,67.4,0,22.22,3,6,4,0.78,35.71,3447.058824,
BA21364_IK'OPT_1149,1149,WW,1,11,E153,TZEEIOR 290 X TZEEIOR 30,49,48,1,179.2,72.2,0,0,4,3,3,0.94,31.25,7989.498911,
BA21364_IK'OPT_1150,1150,WW,1,11,E65,TZEEIOR 349 XTZEEIOR 97,52,52,0,193.2,81,0,0,4,3,5,0.83,26.67,6481.481481,
BA21364_IK'OPT_1151,1151,WW,1,11,E131,TZEEIOR 41 X TZEEEIOR 197,50,51,1,194.2,102,0,0,3,4,4,0.89,12.5,5684.705882,
BA21364_IK'OPT_1152,1152,WW,1,11,E158,TZEEIOR 509 X TZEEIOR 30,50,50,0,178,86.4,0,0,2,4,5,0.94,11.76,6847.058824,
BA21364_IK'OPT_1153,1153,WW,1,11,E100,TZEEIOR 381 X TZEEIOR 249,51,50,1,181,80.4,0,0,7,4,6,0.89,18.75,5896.078431,
BA21364_IK'OPT_1154,1154,WW,1,11,E39,TZEEIOR 314 X TZEEIOR 97,49,48,1,187,107.6,0,0,7,5,5,1.06,10.53,7979.084967,
BA21364_IK'OPT_1155,1155,WW,1,12,E11,TZEEIOR 479 X TZEEIOR  9 A,50,50,0,174.4,78.2,0,0,4,5,5,1,11.11,4635.46841,
BA21364_IK'OPT_1156,1156,WW,1,12,E8,TZEEIOR 290 X TZEEIOR  9 A,51,51,0,171.2,83.4,0,0,5,4,4,0.94,43.75,4673.464052,
BA21364_IK'OPT_1157,1157,WW,1,12,E187,TZEEIOR 97 X TZEEIOR 9 A,52,52,0,179.2,70,0,0,4,4,5,0.65,18.18,4283.660131,
BA21364_IK'OPT_1158,1158,WW,1,12,E80,TZEEIOR 290 X TZEEIOR 249,51,51,0,167.6,64,0,0,7,5,4,0.94,12.5,5137.777778,
BA21364_IK'OPT_1159,1159,WW,1,12,E89,TZEEIOR 542 TZEEIOR 249 ,53,53,0,181.4,83.6,0,11.11,6,4,5,1,11.11,5276.688453,
BA21364_IK'OPT_1160,1160,WW,1,12,E36,TZEEIOR 305 X TZEEIOR 9 A ,53,53,0,148.2,90,0,0,4,6,6,1,46.67,2610.893246,
BA21364_IK'OPT_1161,1161,WW,1,12,E135,TZEEIOR 142 X TZEEIOR 197,53,54,1,207.2,102,0,0,2,2,4,1.06,10.53,8107.189542,
BA21364_IK'OPT_1162,1162,WW,1,12,E72,TZEEIOR 305 X TZEEIOR 97,52,52,0,195.8,84,0,0,5,3,4,0.94,23.53,7518.169935,
BA21364_IK'OPT_1163,1163,WW,1,12,E51,TZEEIOR 548 X TZEEIOR 97,51,51,0,184.6,72,0,22.22,4,3,4,1.11,15,5946.666667,
BA21364_IK'OPT_1164,1164,WW,1,12,E60,TZEEIOR 45 X TZEE OR 97,52,52,0,194.2,92.2,0,0,3,4,4,0.94,12.5,4592.200436,
BA21364_IK'OPT_1165,1165,WW,1,12,E186,TZEEIOR 97 X TZEEIOR 249,51,52,1,194.4,87,0,11.11,7,6,3,1,16.67,3312.592593,
BA21364_IK'OPT_1166,1166,WW,1,12,E28,TZEEIOR 381 X TZEEIOR  9 A,49,48,1,183.8,94,0,23.53,4,4,5,0.94,25,6162.962963,
BA21364_IK'OPT_1167,1167,WW,1,12,E174,TZEEIOR 349 XTZEEIOR 30,48,47,1,176.8,79,0,12.5,3,4,5,1,50,5394.248366,
BA21364_IK'OPT_1168,1168,WW,1,12,E191,CHECK 1 TZEEIOR 109 x TZdEEI 12,52,51,1,178.2,94,0,0,3,4,4,1,6.25,5412.679739,
BA21364_IK'OPT_1169,1169,WW,1,13,E148,TZEEIOR 396 X TZEEIOR 30,52,51,1,162.4,91,0,0,2,4,3,0.89,12.5,4208.278867,
BA21364_IK'OPT_1170,1170,WW,1,13,E64,TZEEIOR 381 X TZEEIOR 97,52,51,1,177,126.4,0,0,2,5,4,1.06,15.79,5725.490196,
BA21364_IK'OPT_1171,1171,WW,1,13,E32,TZEEIOR 526 X TZEEIOR  9 A,52,53,1,167.4,89,0,23.53,3,6,6,0.94,12.5,3507.625272,
BA21364_IK'OPT_1172,1172,WW,1,13,E50,TZEEIOR 540 X TZEEIOR 97,52,51,1,200.6,86,0,0,5,4,4,0.94,5.88,5108.932462,
BA21364_IK'OPT_1173,1173,WW,1,13,E91,TZEEIOR 202 X TZEEIOR 249,51,51,0,207,88.4,0,11.76,5,4,5,1,11.76,6166.405229,
BA21364_IK'OPT_1174,1174,WW,1,13,E59,TZEEIOR 41 X TZEEEIOR 97,52,53,1,200.8,92.6,0,0,4,5,5,0.67,33.33,3833.159041,
BA21364_IK'OPT_1175,1175,WW,1,13,E78,TZEEIOR 289 X TZEEIOR 249,52,52,0,171.2,95.4,0,0,7,6,5,1.11,0,5034.509804,
BA21364_IK'OPT_1176,1176,WW,1,13,E173,TZEEIOR 381 X TZEEIOR 30,52,51,1,166.6,81.2,0,11.11,3,5,4,0.94,11.76,5627.45098,
BA21364_IK'OPT_1177,1177,WW,1,13,E1,TZEEIOR 346 X TZEEIOR  9 A,48,48,0,169.4,80,0,0,4,4,5,1,0,4544.749455,
BA21364_IK'OPT_1178,1178,WW,1,13,E24,TZEEIOR 45 X TZEE OR  9 A,49,49,0,194.4,76.2,0,0,2,3,3,0.94,11.76,5052.723312,
BA21364_IK'OPT_1179,1179,WW,1,13,E149,TZEEIOR 384 XTZEEIOR 30 ,49,48,1,191.2,94.2,0,0,3,2,3,1,5.56,9411.764706,
BA21364_IK'OPT_1180,1180,WW,1,13,E170,TZEEIOR 209 X TZEEIOR 30,51,51,0,183.6,81.2,0,0,2,4,4,0.82,35.71,4664.052288,
BA21364_IK'OPT_1181,1181,WW,1,13,E114,TZEEIOR 289 X TZEEIOR 197,50,50,0,185.8,88.8,0,0,2,3,5,1,5.56,10447.05882,
BA21364_IK'OPT_1182,1182,WW,1,13,E25,TZEEIOR 209 X TZEEIOR  9 A,50,50,0,193.4,82,0,0,2,4,5,1.12,10.53,8207.843137,
BA21364_IK'OPT_1183,1183,WW,1,14,E52,TZEEIOR 523 X TZEEIOR 97,49,48,1,206.6,86.2,0,0,4,3,6,1.13,16.67,9293.464052,
BA21364_IK'OPT_1184,1184,WW,1,14,E31,TZEEIOR 486 X TZEEIOR  9 A,49,49,0,190.4,80.6,0,0,3,4,5,0.93,7.14,5459.694989,
BA21364_IK'OPT_1185,1185,WW,1,14,E116,TZEEIOR 290 X TZEEIOR 197,48,49,1,191.6,90,0,0,2,2,5,1,16.67,10294.11765,
BA21364_IK'OPT_1186,1186,WW,1,14,E141,TZEEIOR 525 X TZEEIOR 197,48,49,1,196.6,90.2,0,0,2,2,7,0.94,6.25,9640.522876,
BA21364_IK'OPT_1187,1187,WW,1,14,E75,TZEEIOR 314 X TZEEIOR 249,48,49,1,177.2,83,0,0,5,3,4,1,11.11,8043.137255,
BA21364_IK'OPT_1188,1188,WW,1,14,E193,CHECK 3 - TZEEIY Pop STR C5 x TZEEI 58,48,48,0,209,85,0,0,2,3,5,1,17.65,8173.376906,
BA21364_IK'OPT_1189,1189,WW,1,14,E35,TZEEIOR 546 X TZEEIOR  9 A,51,51,0,180.8,72,0,0,3,3,6,0.94,18.75,7590.413943,
BA21364_IK'OPT_1190,1190,WW,1,14,E76,TZEEIOR 396 X TZEEIOR 249,51,51,0,177.2,81,0,0,6,5,4,1,6.25,6480.174292,
BA21364_IK'OPT_1191,1191,WW,1,14,E20,TZEEIOR 205 X TZEEIOR  9 A ,51,51,0,171.8,87.4,0,0,5,5,4,0.93,14.29,5469.62963,
BA21364_IK'OPT_1192,1192,WW,1,14,E18,TZEEIOR 500 X TZEEIOR  9 A,51,51,0,152.2,92,0,0,4,6,4,1.13,11.76,3158.518519,
BA21364_IK'OPT_1193,1193,WW,1,14,E145,TZEEIOR 346 X TZEEIOR 30,50,50,0,178.4,85.4,0,0,4,4,3,1,16.67,6886.27451,
BA21364_IK'OPT_1194,1194,WW,1,14,E143,TZEEIOR 546 X TZEEIOR 197,52,52,0,205.4,70.6,0,0,2,3,4,1.13,5.56,8445.315904,
BA21364_IK'OPT_1195,1195,WW,1,14,E111,TZEEIOR 314 X TZEEIOR 197,51,51,0,172.6,73,0,0,2,4,5,1,5.56,6901.960784,
BA21364_IK'OPT_1196,1196,WW,1,14,E10,TZEEIOR 458 X TZEEIOR  9 A,51,51,0,163.6,80,0,0,5,5,7,1,18.75,3949.455338,
BA21364_IK'OPT_2001,2001,WW,2,15,E10,TZEEIOR 458 X TZEEIOR  9 A,50,50,0,168.2,72,0,35.29,4,3,2,0.94,12.5,5547.276688,
BA21364_IK'OPT_2002,2002,WW,2,15,E169,TZEEIOR 45 X TZEE OR 30,54,55,1,167.6,73.4,0,0,2,6,3,0.88,0,1139.869281,
BA21364_IK'OPT_2003,2003,WW,2,15,E121,TZEEIOR 509 X TZEEIOR 197,51,51,0,192.6,107,0,0,2,2,4,0.94,5.88,8024.836601,
BA21364_IK'OPT_2004,2004,WW,2,15,E142,TZEEIOR 510 X TZEEIOR 197,51,52,1,199.4,83,0,0,2,3,5,1,0,7924.183007,
BA21364_IK'OPT_2005,2005,WW,2,15,E23,TZEEIOR 41 X TZEEEIOR  9 A,48,48,0,187.4,75.8,0,0,4,3,5,1,5.88,7633.986928,
BA21364_IK'OPT_2006,2006,WW,2,15,E83,TZEEIOR 479 X TZEEIOR 249,49,49,0,178,100,0,0,6,5,4,1,11.76,5951.633987,
BA21364_IK'OPT_2007,2007,WW,2,15,E124,TZEEIOR 523 X TZEEIOR 197,51,51,0,187.2,83,0,11.11,2,2,5,1,11.11,7384.749455,
BA21364_IK'OPT_2008,2008,WW,2,15,E174,TZEEIOR 349 XTZEEIOR 30,52,52,0,157.2,99,0,20,3,6,3,0.93,14.29,1982.570806,
BA21364_IK'OPT_2009,2009,WW,2,15,E2,TZEEIOR 321 X TZEEIOR  9 A,52,52,0,159.4,85,0,22.22,4,4,4,1,5.56,4316.601307,
BA21364_IK'OPT_2010,2010,WW,2,15,E107,TZEEIOR 546 X TZEEIOR 249,50,50,0,188.2,102,0,22.22,5,3,5,1,11.11,7257.167756,
BA21364_IK'OPT_2011,2011,WW,2,15,E188,TZEEIOR 197 X TZEEIOR 9A ,51,51,0,187,76.6,0,11.11,2,3,6,0.94,11.76,4922.440087,
BA21364_IK'OPT_2012,2012,WW,2,15,E93,TZEEIOR 24 X TZEEIOR 249 ,51,52,1,193.4,87.4,0,0,4,4,4,1,5.88,3105.882353,
BA21364_IK'OPT_2013,2013,WW,2,15,E147,TZEEIOR 314 X TZEEIOR 30,49,49,0,167.2,83.6,0,0,4,4,4,0.94,11.76,4757.734205,
BA21364_IK'OPT_2014,2014,WW,2,15,E129,TZEEIOR 24 X TZEEIOR 197 ,52,53,1,196.8,75.4,0,0,2,3,3,0.94,0,5492.54902,
BA21364_IK'OPT_2015,2015,WW,2,16,E63,TZEEIOR 142 X TZEEIOR 97,55,56,1,195.4,79.4,0,0,4,4,5,0.94,0,4863.834423,
BA21364_IK'OPT_2016,2016,WW,2,16,E40,TZEEIOR 396 X TZEEIOR 97,54,53,1,183.4,87.8,0,0,5,4,5,0.94,17.65,6058.3878,
BA21364_IK'OPT_2017,2017,WW,2,16,E176,TZEEIOR 486 X TZEEIOR 30,52,52,0,169.6,86,0,0,2,4,3,0.83,0,6330.283224,
BA21364_IK'OPT_2018,2018,WW,2,16,E144,TZEEIOR 305 X TZEEIOR 197,53,53,0,161.8,88.2,0,17.65,2,5,4,0.94,12.5,3899.782135,
BA21364_IK'OPT_2019,2019,WW,2,16,E36,TZEEIOR 305 X TZEEIOR 9 A ,51,51,0,164.2,91.6,0,0,5,4,5,1,14.29,5068.75817,
BA21364_IK'OPT_2020,2020,WW,2,16,E140,TZEEIOR 526 X TZEEIOR 197,50,51,1,188.2,90,0,0,2,2,4,1,11.11,8171.24183,
BA21364_IK'OPT_2021,2021,WW,2,16,E25,TZEEIOR 209 X TZEEIOR  9 A,51,51,0,175.4,89,0,0,3,4,4,1.13,17.65,5074.466231,
BA21364_IK'OPT_2022,2022,WW,2,16,E153,TZEEIOR 290 X TZEEIOR 30,51,50,1,178.6,95,0,0,3,5,4,1,11.11,6271.416122,
BA21364_IK'OPT_2023,2023,WW,2,16,E28,TZEEIOR 381 X TZEEIOR  9 A,51,50,1,181,80,0,33.33,5,4,5,0.94,5.88,5026.318083,
BA21364_IK'OPT_2024,2024,WW,2,16,E3,TZEEIOR 314 X TZEEIOR  9 A,51,51,0,174.2,72.4,0,0,4,5,4,0.94,6.67,3443.311547,
BA21364_IK'OPT_2025,2025,WW,2,16,E24,TZEEIOR 45 X TZEE OR  9 A,48,48,0,197.8,82.4,0,0,3,3,7,1,0,7816.993464,
BA21364_IK'OPT_2026,2026,WW,2,16,E98,TZEEIOR 221 X TZEEIOR 249 ,51,51,0,202.6,85,0,0,4,4,6,1.13,0,5745.882353,
BA21364_IK'OPT_2027,2027,WW,2,16,E181,TZEEIOR 30 X TZEEIOR 97,54,54,0,197.4,98,0,0,4,5,5,0.83,0,4323.921569,
BA21364_IK'OPT_2028,2028,WW,2,16,E157,TZEEIOR 513 X TZEEIOR 30,49,48,1,169.8,71,0,0,3,4,4,1,11.76,5953.333333,
BA21364_IK'OPT_2029,2029,WW,2,17,E14,TZEEIOR 540 X TZEEIOR  9 A,50,50,0,184.8,89,0,25,3,4,4,0.94,20,5680.958606,
BA21364_IK'OPT_2030,2030,WW,2,17,E132,TZEEIOR 45 X TZEE OR 197,51,51,0,196,93,0,0,2,3,5,1.13,5.56,7773.420479,
BA21364_IK'OPT_2031,2031,WW,2,17,E5,TZEEIOR 384 XTZEEIOR  9 A ,49,48,1,176,73.2,0,12.5,4,4,5,1,12.5,5124.705882,
BA21364_IK'OPT_2032,2032,WW,2,17,E46,TZEEIOR 458 X TZEEIOR 97,51,50,1,196.4,77.8,0,0,2,3,5,1.06,10.53,7315.424837,
BA21364_IK'OPT_2033,2033,WW,2,17,E48,TZEEIOR 513 X TZEEIOR 97,51,51,0,176.4,84,0,0,3,4,3,0.76,7.69,5768.714597,
BA21364_IK'OPT_2034,2034,WW,2,17,E99,TZEEIOR 142 X TZEEIOR 249,51,51,0,197.4,84,0,0,5,4,5,1.06,0,6418.039216,
BA21364_IK'OPT_2035,2035,WW,2,17,E80,TZEEIOR 290 X TZEEIOR 249,50,50,0,177.4,78,0,0,6,4,4,1.06,5.56,7095.424837,
BA21364_IK'OPT_2036,2036,WW,2,17,E155,TZEEIOR 458 X TZEEIOR 30,51,50,1,183.4,76,0,11.76,3,5,4,0.88,13.33,4214.727669,
BA21364_IK'OPT_2037,2037,WW,2,17,E45,TZEEIOR 515 X TZEEIOR 97 ,51,51,0,183.6,72,0,0,2,3,5,1,17.65,7742.222222,
BA21364_IK'OPT_2038,2038,WW,2,17,E148,TZEEIOR 396 X TZEEIOR 30,52,51,1,167.8,84.2,0,0,2,4,3,0.94,11.76,6162.962963,
BA21364_IK'OPT_2039,2039,WW,2,17,E77,TZEEIOR 384 XTZEEIOR 249 ,51,51,0,184.4,84,0,0,5,4,3,1,5.88,5815.076253,
BA21364_IK'OPT_2040,2040,WW,2,17,E146,TZEEIOR 321 X TZEEIOR 30,51,50,1,166.4,86,0,0,3,4,7,1,5.88,6194.466231,
BA21364_IK'OPT_2041,2041,WW,2,17,E123,TZEEIOR 548 X TZEEIOR 197,51,51,0,171.6,82.2,0,18.75,2,4,5,0.94,6.67,6861.437908,
BA21364_IK'OPT_2042,2042,WW,2,17,E97,TZEEIOR 209 X TZEEIOR 249,52,52,0,170.4,93.2,0,0,4,5,4,0.94,5.88,4319.084967,
BA21364_IK'OPT_2043,2043,WW,2,18,E15,TZEEIOR 548 X TZEEIOR  9 A,52,52,0,134.6,75.4,0,47.06,5,6,5,1.12,5.26,2799.12854,
BA21364_IK'OPT_2044,2044,WW,2,18,E134,TZEEIOR 221 X TZEEIOR 197 ,52,52,0,178.6,78.6,0,0,2,3,5,1,11.11,7362.091503,
BA21364_IK'OPT_2045,2045,WW,2,18,E60,TZEEIOR 45 X TZEE OR 97,53,53,0,187.4,82,0,0,2,4,3,0.81,0,3481.394336,
BA21364_IK'OPT_2046,2046,WW,2,18,E57,TZEEIOR 24 X TZEEIOR 97 ,52,52,0,198.8,75,0,0,4,3,4,1,5.88,5853.333333,
BA21364_IK'OPT_2047,2047,WW,2,18,E55,TZEEIOR 202 X TZEEIOR 97,53,54,1,200,76.2,0,0,2,4,5,1.11,10,4727.668845,
BA21364_IK'OPT_2048,2048,WW,2,18,E138,TZEEIOR 536 X TZEEIOR 197,51,51,0,186.2,90,0,0,2,4,6,1,6.25,6444.444444,
BA21364_IK'OPT_2049,2049,WW,2,18,E96,TZEEIOR 45 X TZEE OR 249,51,52,1,187.8,86,0,0,3,5,4,0.71,16.67,4165.141612,
BA21364_IK'OPT_2050,2050,WW,2,18,E7,TZEEIOR 365 X TZEEIOR  9 A,51,52,1,168.4,74,0,0,4,5,4,0.83,13.33,4523.660131,
BA21364_IK'OPT_2051,2051,WW,2,18,E54,TZEEIOR 500 X TZEEIOR 97,51,51,0,175.2,90.6,0,0,3,4,4,1.13,5.56,8145.795207,
BA21364_IK'OPT_2052,2052,WW,2,18,E162,TZEEIOR 542 TZEEIOR 30 ,52,51,1,172.8,81.4,0,0,4,4,6,0.83,6.67,7293.681917,
BA21364_IK'OPT_2053,2053,WW,2,18,E185,TZEEIOR 97 X TZEEIOR 197 ,52,52,0,192,82.4,0,0,2,2,5,0.89,25,9226.579521,
BA21364_IK'OPT_2054,2054,WW,2,18,E164,TZEEIOR 202 X TZEEIOR 30,53,53,0,190.6,74.6,0,0,2,5,5,0.71,50,4280.174292,
BA21364_IK'OPT_2055,2055,WW,2,18,E50,TZEEIOR 540 X TZEEIOR 97,51,51,0,200.2,84,0,0,4,3,5,1,11.76,10082.78867,
BA21364_IK'OPT_2056,2056,WW,2,18,E190,TZEEIOR 249 X TZEEIOR 9 A ,50,50,0,176.4,92,0,0,4,4,3,0.94,11.76,5386.492375,
BA21364_IK'OPT_2057,2057,WW,2,19,E186,TZEEIOR 97 X TZEEIOR 249,53,54,1,191,87.8,0,0,5,4,4,1.06,22.22,4733.071895,
BA21364_IK'OPT_2058,2058,WW,2,19,E79,TZEEIOR 365 X TZEEIOR 249,48,48,0,180.4,79,0,0,5,4,5,1.06,31.58,6964.705882,
BA21364_IK'OPT_2059,2059,WW,2,19,E120,TZEEIOR 513 X TZEEIOR 197,50,51,1,186.8,82.8,0,0,2,2,4,0.94,5.88,8569.934641,
BA21364_IK'OPT_2060,2060,WW,2,19,E39,TZEEIOR 314 X TZEEIOR 97,51,51,0,184.2,91,0,0,6,5,3,1,38.89,8502.832244,
BA21364_IK'OPT_2061,2061,WW,2,19,E34,TZEEIOR 510 X TZEEIOR  9 A,50,50,0,155.6,95,0,0,3,5,5,0.88,13.33,6466.666667,
BA21364_IK'OPT_2062,2062,WW,2,19,E193,CHECK 3 - TZEEIY Pop STR C5 x TZEEI 58,49,49,0,195.2,83,0,0,2,4,3,0.94,0,5751.633987,
BA21364_IK'OPT_2063,2063,WW,2,19,E168,TZEEIOR 41 X TZEEEIOR 30,53,54,1,163.2,76,0,0,3,6,4,0.75,41.67,1150.326797,
BA21364_IK'OPT_2064,2064,WW,2,19,E52,TZEEIOR 523 X TZEEIOR 97,51,51,0,174.4,95,0,0,4,4,5,1,16.67,6970.718954,
BA21364_IK'OPT_2065,2065,WW,2,19,E130,TZEEIOR 28 X TZEEIOR 197,51,51,0,180.4,99.2,0,0,3,5,4,0.89,12.5,4690.196078,
BA21364_IK'OPT_2066,2066,WW,2,19,E21,TZEEIOR 24 X TZEEIOR  9 A ,51,51,0,174.4,84,0,0,4,4,4,1.2,5.56,5142.962963,
BA21364_IK'OPT_2067,2067,WW,2,19,E62,TZEEIOR 221 X TZEEIOR 97 ,56,56,0,180,71,0,0,4,6,5,1,31.25,4608.017429,
BA21364_IK'OPT_2068,2068,WW,2,19,E183,TZEEIOR 30 X TZEEIOR 249,52,52,0,181,93,0,11.11,5,5,4,1.06,21.05,5712.418301,
BA21364_IK'OPT_2069,2069,WW,2,19,E78,TZEEIOR 289 X TZEEIOR 249,50,50,0,176.6,81,0,0,6,4,4,0.94,37.5,7037.254902,
BA21364_IK'OPT_2070,2070,WW,2,19,E72,TZEEIOR 305 X TZEEIOR 97,52,51,1,182.8,79.4,0,0,4,3,5,1,27.78,7249.063181,
BA21364_IK'OPT_2071,2071,WW,2,20,E182,TZEEIOR 30 X TZEEIOR 197,52,52,0,190.2,72,0,0,2,5,4,0.94,25,5895.424837,
BA21364_IK'OPT_2072,2072,WW,2,20,E49,TZEEIOR 509 X TZEEIOR 97,51,51,0,188,92.4,0,0,4,3,4,1,6.25,9728.627451,
BA21364_IK'OPT_2073,2073,WW,2,20,E94,TZEEIOR 28 X TZEEIOR 249,52,53,1,197.4,80,0,0,6,5,4,1,37.5,4734.553377,
BA21364_IK'OPT_2074,2074,WW,2,20,E101,TZEEIOR 349 XTZEEIOR 249,51,51,0,177.4,90,0,0,4,4,6,0.89,43.75,5215.686275,
BA21364_IK'OPT_2075,2075,WW,2,20,E187,TZEEIOR 97 X TZEEIOR 9 A,49,49,0,188.8,91,0,0,5,4,2,1,22.22,8171.24183,
BA21364_IK'OPT_2076,2076,WW,2,20,E9,TZEEIOR 515 X TZEEIOR  9 A ,49,49,0,165.4,80,0,16.67,4,5,5,0.89,50,4348.235294,
BA21364_IK'OPT_2077,2077,WW,2,20,E56,TZEEIOR 205 X TZEEIOR 97 ,51,52,1,201.8,92.2,0,0,4,3,4,0.94,18.75,7895.163399,
BA21364_IK'OPT_2078,2078,WW,2,20,E73,TZEEIOR 346 X TZEEIOR 249,49,49,0,205.4,96.8,0,23.53,6,4,5,1.06,22.22,7117.864924,
BA21364_IK'OPT_2079,2079,WW,2,20,E150,TZEEIOR 289 X TZEEIOR 30,48,48,0,186,85.2,0,0,5,4,5,1,27.78,7101.742919,
BA21364_IK'OPT_2080,2080,WW,2,20,E175,TZEEIOR 536 X TZEEIOR 30,49,49,0,190.4,75.8,0,0,2,4,5,0.94,11.76,8176.601307,
BA21364_IK'OPT_2081,2081,WW,2,20,E33,TZEEIOR 525 X TZEEIOR  9 A,51,51,0,179,86,0,11.11,3,4,5,1,22.22,5836.034858,
BA21364_IK'OPT_2082,2082,WW,2,20,E43,TZEEIOR 365 X TZEEIOR 97,52,51,1,186.6,82,0,0,3,3,5,1,22.22,6562.962963,
BA21364_IK'OPT_2083,2083,WW,2,20,E59,TZEEIOR 41 X TZEEEIOR 97,52,52,0,188.8,80,0,0,2,5,4,1,27.78,4664.052288,
BA21364_IK'OPT_2084,2084,WW,2,20,E196,CHECK 6 -TZdEEI 1 x TZdEEI 12,52,52,0,159,84.4,0,46.15,4,7,4,0.77,70,1518.082789,
BA21364_IK'OPT_2085,2085,WW,2,21,E64,TZEEIOR 381 X TZEEIOR 97,51,50,1,181.8,76,0,22.22,5,4,4,1,44.44,6127.058824,
BA21364_IK'OPT_2086,2086,WW,2,21,E143,TZEEIOR 546 X TZEEIOR 197,51,52,1,196.4,71,0,11.11,2,2,4,1,16.67,8116.339869,
BA21364_IK'OPT_2087,2087,WW,2,21,E88,TZEEIOR 523 X TZEEIOR 249,51,51,0,169,96,0,0,6,5,4,1,23.53,4347.668845,
BA21364_IK'OPT_2088,2088,WW,2,21,E103,TZEEIOR 486 X TZEEIOR 249,51,52,1,173.2,84.4,0,0,5,4,5,0.94,17.65,5451.067538,
BA21364_IK'OPT_2089,2089,WW,2,21,E4,TZEEIOR 396 X TZEEIOR  9 A,51,51,0,171.6,90,0,16.67,4,4,5,0.94,0,4634.379085,
BA21364_IK'OPT_2090,2090,WW,2,21,E6,TZEEIOR 289 X TZEEIOR  9 A,51,51,0,167.2,86,0,0,4,3,5,1.06,0,5840,
BA21364_IK'OPT_2091,2091,WW,2,21,E194,CHECH 4 - TZdEEI 1 x TZdEEI 5,50,50,0,179.4,70.4,0,0,3,5,5,1,6.67,2732.54902,
BA21364_IK'OPT_2092,2092,WW,2,21,E100,TZEEIOR 381 X TZEEIOR 249,49,49,0,173.8,87.8,0,0,6,5,5,1,11.11,5686.666667,
BA21364_IK'OPT_2093,2093,WW,2,21,E67,TZEEIOR 486 X TZEEIOR 97,51,51,0,192.6,96,0,0,2,4,3,0.76,7.69,6264.618736,
BA21364_IK'OPT_2094,2094,WW,2,21,E184,TZEEIOR 30 X TZEEIOR 9 A,51,51,0,169,81.8,0,0,3,5,3,0.88,0,4676.557734,
BA21364_IK'OPT_2095,2095,WW,2,21,E11,TZEEIOR 479 X TZEEIOR  9 A,49,48,1,169.2,72.6,0,0,4,4,5,1.19,0,7192.418301,
BA21364_IK'OPT_2096,2096,WW,2,21,E106,TZEEIOR 510 X TZEEIOR 249,52,52,0,169.6,74,0,0,4,4,5,1,16.67,6409.411765,
BA21364_IK'OPT_2097,2097,WW,2,21,E32,TZEEIOR 526 X TZEEIOR  9 A,51,51,0,156,85,0,11.76,3,5,4,1.06,5.56,4708.191721,
BA21364_IK'OPT_2098,2098,WW,2,21,E84,TZEEIOR 513 X TZEEIOR 249,52,51,1,152.8,76.8,0,0,5,5,3,1,0,4739.825708,
BA21364_IK'OPT_2099,2099,WW,2,22,E71,TZEEIOR 546 X TZEEIOR 97,54,52,2,171.8,75.8,0,16.67,3,4,3,0.83,6.67,6183.529412,
BA21364_IK'OPT_2100,2100,WW,2,22,E37,TZEEIOR 346 X TZEEIOR 97,52,52,0,173.8,89.2,0,0,5,4,5,0.83,6.67,5834.945534,
BA21364_IK'OPT_2101,2101,WW,2,22,E82,TZEEIOR 458 X TZEEIOR 249,50,50,0,170.4,96.8,0,11.11,6,5,6,0.89,12.5,5137.254902,
BA21364_IK'OPT_2102,2102,WW,2,22,E112,TZEEIOR 396 X TZEEIOR 197,51,51,0,179.8,87,0,0,2,3,4,1,17.65,8617.864924,
BA21364_IK'OPT_2103,2103,WW,2,22,E141,TZEEIOR 525 X TZEEIOR 197,52,52,0,185,87.6,0,0,2,3,4,1.06,16.67,7642.701525,
BA21364_IK'OPT_2104,2104,WW,2,22,E89,TZEEIOR 542 TZEEIOR 249 ,53,54,1,169.4,86.8,0,0,5,5,5,0.88,14.29,4637.908497,
BA21364_IK'OPT_2105,2105,WW,2,22,E102,TZEEIOR 536 X TZEEIOR 249,51,51,0,175.4,78,0,0,6,5,2,1,5.56,6342.440087,
BA21364_IK'OPT_2106,2106,WW,2,22,E87,TZEEIOR 548 X TZEEIOR 249,51,51,0,167,85,0,0,4,6,4,0.89,25,5113.202614,
BA21364_IK'OPT_2107,2107,WW,2,22,E41,TZEEIOR 384 XTZEEIOR 97 ,50,50,0,186.8,94,0,0,4,4,4,1.13,0,8618.518519,
BA21364_IK'OPT_2108,2108,WW,2,22,E70,TZEEIOR 510 X TZEEIOR 97,51,51,0,181,77,0,0,3,3,4,0.94,0,8368.627451,
BA21364_IK'OPT_2109,2109,WW,2,22,E149,TZEEIOR 384 XTZEEIOR 30 ,49,48,1,160.4,82,0,0,3,5,6,0.94,6.25,5843.137255,
BA21364_IK'OPT_2110,2110,WW,2,22,E158,TZEEIOR 509 X TZEEIOR 30,48,48,0,162.4,87,0,0,3,4,5,1.06,29.41,5983.877996,
BA21364_IK'OPT_2111,2111,WW,2,22,E136,TZEEIOR 381 X TZEEIOR 197,50,50,0,173.4,85,0,0,3,3,5,1,23.53,7764.705882,
BA21364_IK'OPT_2112,2112,WW,2,22,E35,TZEEIOR 546 X TZEEIOR  9 A,51,51,0,164.4,75,0,0,4,4,5,0.89,0,6422.745098,
BA21364_IK'OPT_2113,2113,WW,2,23,E119,TZEEIOR 479 X TZEEIOR 197,51,51,0,179.6,76.6,0,0,2,3,4,1.12,10.53,8531.590414,
BA21364_IK'OPT_2114,2114,WW,2,23,E76,TZEEIOR 396 X TZEEIOR 249,50,50,0,180.8,83.6,0,0,6,4,6,0.89,6.25,8944.357298,
BA21364_IK'OPT_2115,2115,WW,2,23,E177,TZEEIOR 526 X TZEEIOR 30,48,48,0,170.8,93.2,0,0,2,3,4,0.94,5.88,10391.2854,
BA21364_IK'OPT_2116,2116,WW,2,23,E113,TZEEIOR 384 XTZEEIOR 197 ,50,50,0,175.8,74.4,0,0,2,3,6,1.06,10.53,9973.72549,
BA21364_IK'OPT_2117,2117,WW,2,23,E122,TZEEIOR 540 X TZEEIOR 197,51,51,0,186.8,85,0,0,2,3,4,0.94,5.88,8789.106754,
BA21364_IK'OPT_2118,2118,WW,2,23,E29,TZEEIOR 349 XTZEEIOR  9 A,51,51,0,151.2,81,0,0,4,5,6,0.83,10,3816.993464,
BA21364_IK'OPT_2119,2119,WW,2,23,E154,TZEEIOR 515 X TZEEIORV 30,49,49,0,173.2,76.2,0,0,2,4,4,1,22.22,8397.385621,
BA21364_IK'OPT_2120,2120,WW,2,23,E191,CHECK 1 TZEEIOR 109 x TZdEEI 12,51,51,0,172.4,79,0,0,3,4,2,0.88,33.33,8070.588235,
BA21364_IK'OPT_2121,2121,WW,2,23,E180,TZEEIOR 546 X TZEEIOR 30,52,51,1,174,85,0,0,5,4,5,0.88,6.67,8531.764706,
BA21364_IK'OPT_2122,2122,WW,2,23,E156,TZEEIOR 479 X TZEEIOR 30,49,48,1,168.4,86.8,0,0,3,5,4,0.94,0,8070.588235,
BA21364_IK'OPT_2123,2123,WW,2,23,E111,TZEEIOR 314 X TZEEIOR 197,50,50,0,172.4,70,0,25,4,4,5,1.19,0,6909.803922,
BA21364_IK'OPT_2124,2124,WW,2,23,E30,TZEEIOR 536 X TZEEIOR  9 A,51,51,0,158.4,85,0,23.53,6,5,6,0.94,6.25,4404.575163,
BA21364_IK'OPT_2125,2125,WW,2,23,E133,TZEEIOR 209 X TZEEIOR 197,52,51,1,183,71,0,0,2,3,6,0.94,17.65,6121.132898,
BA21364_IK'OPT_2126,2126,WW,2,23,E172,TZEEIOR 142 X TZEEIOR 30,53,54,1,190.2,74,0,0,3,4,5,0.94,11.76,6870.588235,
BA21364_IK'OPT_2127,2127,WW,2,24,E31,TZEEIOR 486 X TZEEIOR  9 A,50,50,0,167.6,90.8,0,23.53,4,4,3,0.71,8.33,5763.660131,
BA21364_IK'OPT_2128,2128,WW,2,24,E17,TZEEIOR 542 TZEEIOR  9 A ,50,50,0,171.4,86,0,0,5,4,6,1,22.22,7023.267974,
BA21364_IK'OPT_2129,2129,WW,2,24,E92,TZEEIOR 205 X TZEEIOR 249 ,52,53,1,180,87,0,0,6,5,5,0.83,13.33,5032.679739,
BA21364_IK'OPT_2130,2130,WW,2,24,E139,TZEEIOR 486 X TZEEIOR 197,51,52,1,178.4,73.2,0,0,2,4,4,0.89,0,6110.283224,
BA21364_IK'OPT_2131,2131,WW,2,24,E137,TZEEIOR 349 XTZEEIOR 197,51,51,0,180.6,76,0,0,2,4,2,1.06,0,6103.267974,
BA21364_IK'OPT_2132,2132,WW,2,24,E128,TZEEIOR 205 X TZEEIOR 197 ,53,54,1,189.4,86,0,0,2,3,4,1,22.22,7960.784314,
BA21364_IK'OPT_2133,2133,WW,2,24,E117,TZEEIOR 515 X TZEEIOR 197 ,52,52,0,194.2,64,0,0,2,3,5,1.06,23.53,7485.83878,
BA21364_IK'OPT_2134,2134,WW,2,24,E90,TZEEIOR 500 X TZEEIOR 249,50,50,0,183.4,95,0,0,6,5,6,1.11,10,8047.145969,
BA21364_IK'OPT_2135,2135,WW,2,24,E116,TZEEIOR 290 X TZEEIOR 197,51,51,0,178.6,91.6,0,0,2,4,5,1,11.11,7494.553377,
BA21364_IK'OPT_2136,2136,WW,2,24,E127,TZEEIOR 202 X TZEEIOR 197,53,55,2,174.2,89,0,0,2,6,5,0.83,0,3462.745098,
BA21364_IK'OPT_2137,2137,WW,2,24,E159,TZEEIOR 540 X TZEEIOR 30,49,48,1,181.2,78,0,22.22,4,4,4,0.94,29.41,7816.993464,
BA21364_IK'OPT_2138,2138,WW,2,24,E47,TZEEIOR 479 X TZEEIOR 97,50,50,0,176.8,85,0,0,4,5,5,0.89,6.25,5848.191721,
BA21364_IK'OPT_2139,2139,WW,2,24,E189,TZEEIOR 197 X TZEEIOR 249,51,51,0,185,82,0,0,2,4,5,1.12,0,5810.457516,
BA21364_IK'OPT_2140,2140,WW,2,24,E115,TZEEIOR 365 X TZEEIOR 197,53,53,0,177.8,73.6,0,0,2,4,4,1.06,10.53,5830.065359,
BA21364_IK'OPT_2141,2141,WW,2,25,E20,TZEEIOR 205 X TZEEIOR  9 A ,53,54,1,169.4,84,0,11.11,6,5,5,0.89,43.75,4634.379085,
BA21364_IK'OPT_2142,2142,WW,2,25,E65,TZEEIOR 349 XTZEEIOR 97,54,54,0,165.6,94.2,0,0,2,5,5,0.94,58.82,4280.174292,
BA21364_IK'OPT_2143,2143,WW,2,25,E131,TZEEIOR 41 X TZEEEIOR 197,51,51,0,182.4,77,0,0,3,4,3,1,5.56,6933.333333,
BA21364_IK'OPT_2144,2144,WW,2,25,E12,TZEEIOR 513 X TZEEIOR  9 A,49,48,1,163.6,86,0,11.11,6,5,5,1,16.67,5441.394336,
BA21364_IK'OPT_2145,2145,WW,2,25,E114,TZEEIOR 289 X TZEEIOR 197,51,51,0,179.8,80,0,0,4,3,4,1,5.56,8152.941176,
BA21364_IK'OPT_2146,2146,WW,2,25,E61,TZEEIOR 209 X TZEEIOR 97,53,54,1,167.4,83,0,0,3,4,3,0.88,35.71,4692.374728,
BA21364_IK'OPT_2147,2147,WW,2,25,E75,TZEEIOR 314 X TZEEIOR 249,48,48,0,162.6,86.8,0,0,6,5,5,1.06,26.32,5572.54902,
BA21364_IK'OPT_2148,2148,WW,2,25,E160,TZEEIOR 548 X TZEEIOR 30,53,52,1,165.4,75,0,12.5,3,5,5,0.94,40,4847.494553,
BA21364_IK'OPT_2149,2149,WW,2,25,E195,CHECK 5 - TZEEIOR 12 x TZEEIOR 223,52,53,1,175.6,83,0,0,4,3,5,1,11.11,7277.124183,
BA21364_IK'OPT_2150,2150,WW,2,25,E170,TZEEIOR 209 X TZEEIOR 30,51,51,0,175.6,83.2,0,0,2,4,4,0.94,23.53,4596.078431,
BA21364_IK'OPT_2151,2151,WW,2,25,E53,TZEEIOR 542 TZEEIOR 97 ,51,51,0,195.8,72.4,0,0,4,3,4,1,33.33,8473.72549,
BA21364_IK'OPT_2152,2152,WW,2,25,E118,TZEEIOR 458 X TZEEIOR 197,50,50,0,192.8,81,0,22.22,2,4,5,1,11.11,7633.986928,
BA21364_IK'OPT_2153,2153,WW,2,25,E152,TZEEIOR 305  X TZEEIOR 30,48,48,0,175.8,82,0,0,2,4,6,0.89,6.25,7227.45098,
BA21364_IK'OPT_2154,2154,WW,2,25,E171,TZEEIOR 221 X TZEEIOR 30 ,50,50,0,181.4,72,0,0,2,4,5,1,6.25,7590.413943,
BA21364_IK'OPT_2155,2155,WW,2,26,E95,TZEEIOR 41 X TZEEEIOR 249,51,51,0,195.2,83,0,0,6,5,4,1.06,26.32,5679.738562,
BA21364_IK'OPT_2156,2156,WW,2,26,E167,TZEEIOR 28 X TZEEIOR 30,54,56,2,178.4,77,0,0,2,6,5,0.44,14.29,778.2135076,
BA21364_IK'OPT_2157,2157,WW,2,26,E26,TZEEIOR 221 X TZEEIOR  9 A ,53,54,1,170,76.2,0,0,3,5,3,0.94,11.76,4739.825708,
BA21364_IK'OPT_2158,2158,WW,2,26,E27,TZEEIOR 142 X TZEEIOR  9 A,53,53,0,194.2,80.2,0,0,5,4,3,1.06,17.65,6708.932462,
BA21364_IK'OPT_2159,2159,WW,2,26,E69,TZEEIOR 525 X TZEEIOR 97,52,52,0,192,81.8,0,0,3,3,4,0.88,26.67,7877.559913,
BA21364_IK'OPT_2160,2160,WW,2,26,E16,TZEEIOR 523 X TZEEIOR  9 A,50,50,0,179.4,81.4,0,22.22,6,5,4,1,22.22,7045.315904,
BA21364_IK'OPT_2161,2161,WW,2,26,E44,TZEEIOR 290 X TZEEIOR 97,53,53,0,171,74,0,0,6,6,5,0.94,29.41,5940,
BA21364_IK'OPT_2162,2162,WW,2,26,E51,TZEEIOR 548 X TZEEIOR 97,54,54,0,172.2,71,0,0,4,5,5,1.07,31.25,5545.533769,
BA21364_IK'OPT_2163,2163,WW,2,26,E165,TZEEIOR 205 X TZEEIOR 30 ,52,52,0,188,73,0,0,2,4,4,1,11.11,6806.230937,
BA21364_IK'OPT_2164,2164,WW,2,26,E66,TZEEIOR 536 X TZEEIOR 97,51,51,0,188.6,75,0,0,4,3,3,1,23.53,7815.947712,
BA21364_IK'OPT_2165,2165,WW,2,26,E13,TZEEIOR 509 X TZEEIOR  9 A,51,51,0,155.8,99,0,12.5,4,5,5,0.88,14.29,3897.777778,
BA21364_IK'OPT_2166,2166,WW,2,26,E8,TZEEIOR 290 X TZEEIOR  9 A,52,52,0,154.4,93,0,0,5,6,3,1,6.25,3277.777778,
BA21364_IK'OPT_2167,2167,WW,2,26,E42,TZEEIOR 289 X TZEEIOR 97,52,52,0,164,79,0,0,4,5,4,0.94,23.53,6240,
BA21364_IK'OPT_2168,2168,WW,2,26,E86,TZEEIOR 540 X TZEEIOR 249,51,51,0,174.6,75,0,0,6,5,5,1.06,63.16,7202.614379,
BA21364_IK'OPT_2169,2169,WW,2,27,E163,TZEEIOR 500 X TZEEIOR 30,49,48,1,157,79,0,0,4,5,6,0.94,31.25,5047.058824,
BA21364_IK'OPT_2170,2170,WW,2,27,E166,TZEEIOR 24 X TZEEIOR 30 ,53,54,1,167.2,85,0,0,2,6,4,1.27,21.05,3032.679739,
BA21364_IK'OPT_2171,2171,WW,2,27,E125,TZEEIOR 542 TZEEIOR 197 ,50,50,0,192.8,82,0,0,4,4,6,1.06,11.11,8359.041394,
BA21364_IK'OPT_2172,2172,WW,2,27,E126,TZEEIOR 500 X TZEEIOR 197,50,50,0,187.8,73,0,11.11,2,5,4,1.06,21.05,6909.803922,
BA21364_IK'OPT_2173,2173,WW,2,27,E108,TZEEIOR 305 X TZEEIOR 249,52,52,0,177.8,80.4,0,0,5,5,4,0.88,53.33,4967.755991,
BA21364_IK'OPT_2174,2174,WW,2,27,E161,TZEEIOR 523 X TZEEIOR 30,51,51,0,186.6,85,0,17.65,4,5,6,1.06,50,7773.420479,
BA21364_IK'OPT_2175,2175,WW,2,27,E38,TZEEIOR 321 X TZEEIOR 97,51,51,0,191.8,82,0,0,5,5,5,1,22.22,8473.028322,
BA21364_IK'OPT_2176,2176,WW,2,27,E68,TZEEIOR 526 X TZEEIOR 97,50,50,0,185.4,89,0,0,4,3,6,1,27.78,10556.60131,
BA21364_IK'OPT_2177,2177,WW,2,27,E19,TZEEIOR 202 X TZEEIOR  9 A,49,49,0,191.2,78,0,0,2,3,5,1.11,25,9716.775599,
BA21364_IK'OPT_2178,2178,WW,2,27,E109,TZEEIOR 346 X TZEEIOR 197,50,50,0,181.4,82,0,0,3,4,5,1,22.22,8568.627451,
BA21364_IK'OPT_2179,2179,WW,2,27,E81,TZEEIOR 515 X TZEEIOR 249 ,51,51,0,183,95.2,0,0,4,4,4,1.12,31.58,9520.697168,
BA21364_IK'OPT_2180,2180,WW,2,27,E22,TZEEIOR 28 X TZEEIOR  9 A,49,49,0,179.4,78,0,0,3,5,4,1,22.22,7742.222222,
BA21364_IK'OPT_2181,2181,WW,2,27,E1,TZEEIOR 346 X TZEEIOR  9 A,50,50,0,167,74,0,0,4,6,4,1,31.25,6002.614379,
BA21364_IK'OPT_2182,2182,WW,2,27,E104,TZEEIOR 526 X TZEEIOR 249,50,50,0,175.4,89,0,0,4,4,3,1,41.18,7777.777778,
BA21364_IK'OPT_2183,2183,WW,2,28,E105,TZEEIOR 525 X TZEEIOR 249,48,49,1,184,62.4,0,0,3,3,5,1.06,17.65,8138.562092,
BA21364_IK'OPT_2184,2184,WW,2,28,E85,TZEEIOR 509 X TZEEIOR 249,51,51,0,169.4,63,0,0,5,4,5,1,33.33,9744.705882,
BA21364_IK'OPT_2185,2185,WW,2,28,E178,TZEEIOR 525 X TZEEIOR 30,51,51,0,160.6,76.8,0,0,2,6,5,1,35.29,6956.862745,
BA21364_IK'OPT_2186,2186,WW,2,28,E58,TZEEIOR 28 X TZEEIOR 97,51,52,1,179.6,76,0,0,3,5,4,0.94,25,3929.978214,
BA21364_IK'OPT_2187,2187,WW,2,28,E135,TZEEIOR 142 X TZEEIOR 197,54,55,1,180.6,77,0,0,2,4,7,1,5.56,5191.285403,
BA21364_IK'OPT_2188,2188,WW,2,28,E110,TZEEIOR 321 X TZEEIOR 197,50,50,0,179.6,69.6,0,0,2,3,5,1.06,0,8224.836601,
BA21364_IK'OPT_2189,2189,WW,2,28,E192,CHECK 2 - TZEEI 79 x TZEEI 82,48,48,0,189.8,72.2,0,0,2,3,6,1,5.88,6674.509804,
BA21364_IK'OPT_2190,2190,WW,2,28,E145,TZEEIOR 346 X TZEEIOR 30,51,50,1,157.6,64,0,16.67,2,4,6,1.06,26.32,7742.222222,
BA21364_IK'OPT_2191,2191,WW,2,28,E173,TZEEIOR 381 X TZEEIOR 30,51,51,0,165.4,84.2,0,0,2,5,5,0.94,33.33,6044.444444,
BA21364_IK'OPT_2192,2192,WW,2,28,E74,TZEEIOR 321 X TZEEIOR 249,50,50,0,179,70,0,0,6,4,5,1.06,44.44,6709.019608,
BA21364_IK'OPT_2193,2193,WW,2,28,E91,TZEEIOR 202 X TZEEIOR 249,51,51,0,201,63,0,11.11,4,3,5,0.94,29.41,6847.058824,
BA21364_IK'OPT_2194,2194,WW,2,28,E179,TZEEIOR 510 X TZEEIOR 30,51,51,0,177.6,60.4,0,13.33,2,4,5,1.07,25,7416.122004,
BA21364_IK'OPT_2195,2195,WW,2,28,E18,TZEEIOR 500 X TZEEIOR  9 A,50,50,0,151.6,68,0,12.5,4,5,5,0.94,40,4768.366013,
BA21364_IK'OPT_2196,2196,WW,2,28,E151,TZEEIOR 365 X TZEEIOR 30,52,51,1,158,73,0,0,2,5,4,0.89,25,6716.949891,
BA21364-IK'DT-1001,1001,MD,1,1,E79,TZEEIOR 365 X TZEEIOR 249,50,51,1,139.6,66.6,2,7,6,7,6,0.722222222,1.673517122,1166.013072,6
BA21364-IK'DT-1002,1002,MD,1,1,E122,TZEEIOR 540 X TZEEIOR 197,50,51,1,155.2,70,4,6,5,6,5,0.833333333,0.884606581,1325.272331,6
BA21364-IK'DT-1003,1003,MD,1,1,E166,TZEEIOR 24 X TZEEIOR 30 ,51,53,2,155.4,65.6,3,5,6,5,6,0.388888889,0,769.4989107,5
BA21364-IK'DT-1004,1004,MD,1,1,E86,TZEEIOR 540 X TZEEIOR 249,48,47,1,178.2,82.4,4,5,3,5,3,1.111111111,1.322219295,3708.932462,5
BA21364-IK'DT-1005,1005,MD,1,1,E48,TZEEIOR 513 X TZEEIOR 97,49,48,1,159,80.2,3,5,4,5,4,0.722222222,1.214436251,2905.228758,4
BA21364-IK'DT-1006,1006,MD,1,1,E144,TZEEIOR 305 X TZEEIOR 197,52,51,1,154.4,69.8,4,6,5,6,5,0.647058824,1.572449137,1915.03268,5
BA21364-IK'DT-1007,1007,MD,1,1,E47,TZEEIOR 479 X TZEEIOR 97,51,52,1,142.8,67,3,6,6,6,6,0.722222222,1.502006699,1925.925926,5
BA21364-IK'DT-1008,1008,MD,1,1,E53,TZEEIOR 542 TZEEIOR 97 ,56,58,2,120.4,59.6,5,7,6,7,6,0.5,1.083183988,1094.117647,5
BA21364-IK'DT-1009,1009,MD,1,1,E66,TZEEIOR 536 X TZEEIOR 97,56,58,2,108.8,61.2,7,8,7,8,7,0.388888889,0,555.5555556,5
BA21364-IK'DT-1010,1010,MD,1,1,E88,TZEEIOR 523 X TZEEIOR 249,51,51,0,146,69,5,6,5,6,5,0.722222222,1.381600985,1579.084967,4
BA21364-IK'DT-1011,1011,MD,1,1,E93,TZEEIOR 24 X TZEEIOR 249 ,54,56,2,157.6,63.4,4,6,5,6,5,0.777777778,0.910776816,1725.490196,4
BA21364-IK'DT-1012,1012,MD,1,1,E115,TZEEIOR 365 X TZEEIOR 197,54,55,1,133.2,65.2,2,7,5,7,5,0.555555556,1.041392685,1351.198257,5
BA21364-IK'DT-1013,1013,MD,1,1,E155,TZEEIOR 458 X TZEEIOR 30,50,50,0,148.6,64.8,3,4,4,4,4,0.944444444,0.83773694,2765.751634,4
BA21364-IK'DT-1014,1014,MD,1,1,E183,TZEEIOR 30 X TZEEIOR 249,52,53,1,154,61,2,4,5,4,5,0.888888889,0,2111.328976,3
BA21364-IK'DT-1015,1015,MD,1,2,E124,TZEEIOR 523 X TZEEIOR 197,50,50,0,154,72,3,5,5,5,5,0.888888889,0.860338007,2080.174292,5
BA21364-IK'DT-1016,1016,MD,1,2,E154,TZEEIOR 515 X TZEEIOR 30,48,48,0,146.2,59.8,3,4,4,4,4,0.888888889,0,3074.509804,4
BA21364-IK'DT-1017,1017,MD,1,2,E139,TZEEIOR 486 X TZEEIOR 197,52,53,1,146.8,71,3,5,5,5,5,0.777777778,0,2061.002179,5
BA21364-IK'DT-1018,1018,MD,1,2,E168,TZEEIOR 41 X TZEEEIOR 30,56,58,2,138.4,52.2,1,7,7,7,7,0.222222222,0,366.0130719,6
BA21364-IK'DT-1019,1019,MD,1,2,E138,TZEEIOR 536 X TZEEIOR 197,54,56,2,145.6,73.4,3,5,5,5,5,0.833333333,1.156347201,1869.281046,5
BA21364-IK'DT-1020,1020,MD,1,2,E29,TZEEIOR 349 XTZEEIOR  9 A,50,51,1,134.6,61.4,4,6,5,6,5,0.833333333,1.322219295,1764.705882,5
BA21364-IK'DT-1021,1021,MD,1,2,E85,TZEEIOR 509 X TZEEIOR 249,50,51,1,138.2,67.4,3,4,5,4,5,0.888888889,0,2345.098039,4
BA21364-IK'DT-1022,1022,MD,1,2,E129,TZEEIOR 24 X TZEEIOR 197 ,52,54,2,164.6,68,3,6,5,6,5,0.888888889,0,1888.888889,6
BA21364-IK'DT-1023,1023,MD,1,2,E176,TZEEIOR 486 X TZEEIOR 30,52,52,0,146.2,68,3,5,4,5,4,0.888888889,0,3088.453159,4
BA21364-IK'DT-1024,1024,MD,1,2,E30,TZEEIOR 536 X TZEEIOR  9 A,48,48,0,142,75.6,4,7,5,7,5,0.941176471,1.130333768,2176.034858,7
BA21364-IK'DT-1025,1025,MD,1,2,E118,TZEEIOR 458 X TZEEIOR 197,47,47,0,168.2,76.8,3,3,4,3,4,1.111111111,1.041392685,4053.594771,4
BA21364-IK'DT-1026,1026,MD,1,2,E110,TZEEIOR 321 X TZEEIOR 197,46,47,1,178.6,74.6,3,4,4,4,4,1,0,3708.932462,5
BA21364-IK'DT-1027,1027,MD,1,2,E68,TZEEIOR 526 X TZEEIOR 97,48,47,1,175.8,77.6,1,3,3,3,3,0.882352941,0,4454.684096,2
BA21364-IK'DT-1028,1028,MD,1,2,E57,TZEEIOR 24 X TZEEIOR 97 ,51,51,0,183.4,83.4,2,5,4,5,4,0.777777778,0,2708.496732,4
BA21364-IK'DT-1029,1029,MD,1,3,E192,CHECK 2 - TZEEI 79 x TZEEI 82,44,45,1,169.4,68.2,3,4,4,4,4,0.944444444,0,3355.555556,5
BA21364-IK'DT-1030,1030,MD,1,3,E98,TZEEIOR 221 X TZEEIOR 249 ,48,48,0,175,87.8,2,4,4,4,4,1,0,2549.019608,5
BA21364-IK'DT-1031,1031,MD,1,3,E96,TZEEIOR 45 X TZEE OR 249,46,47,1,181,78.8,3,5,3,5,3,0.777777778,0,3109.368192,5
BA21364-IK'DT-1032,1032,MD,1,3,E127,TZEEIOR 202 X TZEEIOR 197,51,52,1,184.2,71.8,1,6,5,6,5,0.833333333,0,1725.490196,5
BA21364-IK'DT-1033,1033,MD,1,3,E94,TZEEIOR 28 X TZEEIOR 249,49,50,1,187.4,83.8,5,4,4,4,4,0.833333333,0,3081.481481,3
BA21364-IK'DT-1034,1034,MD,1,3,E147,TZEEIOR 314 X TZEEIOR 30,46,46,0,170.2,81.6,5,3,2,3,2,1.166666667,0,5875.816993,3
BA21364-IK'DT-1035,1035,MD,1,3,E196,CHECK 6 -TZdEEI 1 x TZdEEI 12,50,50,0,173.6,91.2,1,3,5,3,5,0.875,0,1572.11329,3
BA21364-IK'DT-1036,1036,MD,1,3,E5,TZEEIOR 384 XTZEEIOR  9 A ,47,46,1,162.2,84.8,5,4,4,4,4,1,0,3560.784314,5
BA21364-IK'DT-1037,1037,MD,1,3,E21,TZEEIOR 24 X TZEEIOR  9 A ,50,50,0,171.2,84.8,5,4,4,4,4,0.722222222,0.939135091,2532.026144,3
BA21364-IK'DT-1038,1038,MD,1,3,E61,TZEEIOR 209 X TZEEIOR 97,52,52,0,184.2,97.2,4,5,5,5,5,0.722222222,0.939135091,2705.446623,3
BA21364-IK'DT-1039,1039,MD,1,3,E37,TZEEIOR 346 X TZEEIOR 97,50,50,0,173.6,92.6,3,3,4,3,4,0.888888889,0.860338007,3540.87146,3
BA21364-IK'DT-1040,1040,MD,1,3,E41,TZEEIOR 384 XTZEEIOR 97 ,47,46,1,179.4,83.2,5,4,3,4,3,0.888888889,0.860338007,3684.095861,5
BA21364-IK'DT-1041,1041,MD,1,3,E133,TZEEIOR 209 X TZEEIOR 197,50,51,1,166,79.4,3,6,4,6,4,0.777777778,0.910776816,2318.954248,5
BA21364-IK'DT-1042,1042,MD,1,3,E161,TZEEIOR 523 X TZEEIOR 30,49,48,1,160,82.6,4,5,5,5,5,0.944444444,0.83773694,2334.640523,5
BA21364-IK'DT-1043,1043,MD,1,4,E90,TZEEIOR 500 X TZEEIOR 249,50,51,1,152,73.6,4,7,5,7,5,0.777777778,0.910776816,1766.666667,6
BA21364-IK'DT-1044,1044,MD,1,4,E113,TZEEIOR 384 XTZEEIOR 197 ,50,51,1,147,61.8,4,7,5,7,5,0.611111111,1.28288977,1346.623094,6
BA21364-IK'DT-1045,1045,MD,1,4,E195,CHECK 5 - TZEEIOR 12 x TZEEIOR 223,52,53,1,141.6,71.6,3,6,5,6,5,0.555555556,0,1358.823529,4
BA21364-IK'DT-1046,1046,MD,1,4,E125,TZEEIOR 542 TZEEIOR 197 ,50,50,0,164.6,72.6,3,6,4,6,4,0.777777778,0,2879.084967,5
BA21364-IK'DT-1047,1047,MD,1,4,E34,TZEEIOR 510 X TZEEIOR  9 A,50,50,0,436.6,72,3,5,4,5,4,0.823529412,0.910776816,2135.294118,6
BA21364-IK'DT-1048,1048,MD,1,4,E172,TZEEIOR 142 X TZEEIOR 30,52,53,1,177.4,83.8,3,5,3,5,3,0.666666667,0,2862.745098,5
BA21364-IK'DT-1049,1049,MD,1,4,E188,TZEEIOR 197 X TZEEIOR 9A ,46,47,1,176.4,78.2,3,4,3,4,3,0.888888889,0,3713.071895,4
BA21364-IK'DT-1050,1050,MD,1,4,E177,TZEEIOR 526 X TZEEIOR 30,46,45,1,159,66.8,1,4,2,4,2,0.944444444,0,4454.684096,4
BA21364-IK'DT-1051,1051,MD,1,4,E137,TZEEIOR 349 XTZEEIOR 197,52,53,1,155.8,72,4,6,5,6,5,0.833333333,0,1941.176471,5
BA21364-IK'DT-1052,1052,MD,1,4,E23,TZEEIOR 41 X TZEEEIOR  9 A,50,50,0,144.2,69.6,3,6,4,6,4,0.944444444,0.83773694,2311.111111,4
BA21364-IK'DT-1053,1053,MD,1,4,E102,TZEEIOR 536 X TZEEIOR 249,53,54,1,129.8,69.2,5,7,5,7,5,0.5,0,1343.572985,3
BA21364-IK'DT-1054,1054,MD,1,4,E12,TZEEIOR 513 X TZEEIOR  9 A,50,51,1,139,60.2,5,7,5,7,5,0.8125,0,1397.647059,6
BA21364-IK'DT-1055,1055,MD,1,4,E151,TZEEIOR 365 X TZEEIOR 30,54,55,1,128.6,63.8,3,7,5,7,5,0.666666667,0,1749.019608,7
BA21364-IK'DT-1056,1056,MD,1,4,E3,TZEEIOR 314 X TZEEIOR  9 A,54,55,1,120,57.4,5,7,6,7,6,0.777777778,0,1372.54902,3
BA21364-IK'DT-1057,1057,MD,1,5,E146,TZEEIOR 321 X TZEEIOR 30,51,51,0,145.6,67.2,3,5,5,5,5,0.777777778,0,1938.997821,5
BA21364-IK'DT-1058,1058,MD,1,5,E87,TZEEIOR 548 X TZEEIOR 249,49,49,0,144.6,67,3,4,4,4,4,0.833333333,0.884606581,2190.588235,3
BA21364-IK'DT-1059,1059,MD,1,5,E189,TZEEIOR 197 X TZEEIOR 249,49,49,0,171.4,79,3,3,4,3,4,0.722222222,0,2866.013072,3
BA21364-IK'DT-1060,1060,MD,1,5,E109,TZEEIOR 346 X TZEEIOR 197,49,50,1,168.4,74,4,4,4,4,4,0.888888889,1.2955671,2947.712418,4
BA21364-IK'DT-1061,1061,MD,1,5,E136,TZEEIOR 381 X TZEEIOR 197,50,50,0,171,80.2,1,4,4,4,4,0.777777778,0.910776816,3112.854031,3
BA21364-IK'DT-1062,1062,MD,1,5,E42,TZEEIOR 289 X TZEEIOR 97,51,51,0,171.6,76.8,5,5,5,5,5,0.833333333,0.884606581,2159.259259,5
BA21364-IK'DT-1063,1063,MD,1,5,E117,TZEEIOR 515 X TZEEIOR 197 ,49,49,0,183.4,80.6,3,4,4,4,4,0.944444444,0,3329.62963,4
BA21364-IK'DT-1064,1064,MD,1,5,E190,TZEEIOR 249 X TZEEIOR 9 A ,47,47,0,179.8,81.4,5,4,3,4,3,0.833333333,1.156347201,2940.653595,4
BA21364-IK'DT-1065,1065,MD,1,5,E44,TZEEIOR 290 X TZEEIOR 97,50,49,1,180.8,83.6,5,5,2,5,2,0.777777778,1.184285738,3708.932462,5
BA21364-IK'DT-1066,1066,MD,1,5,E159,TZEEIOR 540 X TZEEIOR 30,47,46,1,182,77.8,5,5,2,5,2,1,0,4606.535948,6
BA21364-IK'DT-1067,1067,MD,1,5,E140,TZEEIOR 526 X TZEEIOR 197,48,50,2,182.2,73,3,5,4,5,4,0.833333333,0,2726.797386,5
BA21364-IK'DT-1068,1068,MD,1,5,E4,TZEEIOR 396 X TZEEIOR  9 A,47,46,1,182.2,77.4,4,4,2,4,2,1.055555556,0.79679336,4158.823529,6
BA21364-IK'DT-1069,1069,MD,1,5,E99,TZEEIOR 142 X TZEEIOR 249,49,50,1,182,85.4,5,3,4,3,4,1,1.247154615,2954.248366,3
BA21364-IK'DT-1070,1070,MD,1,5,E106,TZEEIOR 510 X TZEEIOR 249,48,48,0,170.8,80.2,3,4,4,4,4,1,1.083183988,2941.176471,4
BA21364-IK'DT-1071,1071,MD,1,6,E70,TZEEIOR 510 X TZEEIOR 97,50,51,1,171.8,92,3,5,3,5,3,1.055555556,1.061690514,4067.320261,4
BA21364-IK'DT-1072,1072,MD,1,6,E56,TZEEIOR 205 X TZEEIOR 97 ,53,55,2,161.2,95.6,5,6,5,6,5,0.5,0,1559.912854,5
BA21364-IK'DT-1073,1073,MD,1,6,E74,TZEEIOR 321 X TZEEIOR 249,48,48,0,167.2,78.8,3,5,3,5,3,0.833333333,1.156347201,2607.015251,5
BA21364-IK'DT-1074,1074,MD,1,6,E179,TZEEIOR 510 X TZEEIOR 30,49,49,0,171.6,80.8,1,2,2,2,2,1,0,5343.79085,3
BA21364-IK'DT-1075,1075,MD,1,6,E19,TZEEIOR 202 X TZEEIOR  9 A,50,50,0,176,84.2,3,4,4,4,4,0.944444444,0,2787.799564,5
BA21364-IK'DT-1076,1076,MD,1,6,E178,TZEEIOR 525 X TZEEIOR 30,50,50,0,164.8,72.6,1,4,4,4,4,0.833333333,0,2908.496732,3
BA21364-IK'DT-1077,1077,MD,1,6,E184,TZEEIOR 30 X TZEEIOR 9 A,49,49,0,165.4,78,4,4,3,4,3,1.055555556,0,3750.326797,5
BA21364-IK'DT-1078,1078,MD,1,6,E107,TZEEIOR 546 X TZEEIOR 249,48,48,0,172.2,75.2,5,4,4,4,4,1,1.365903777,2720.697168,5
BA21364-IK'DT-1079,1079,MD,1,6,E26,TZEEIOR 221 X TZEEIOR  9 A ,50,50,0,160,90.8,3,5,5,5,5,0.722222222,0,1568.627451,6
BA21364-IK'DT-1080,1080,MD,1,6,E6,TZEEIOR 289 X TZEEIOR  9 A,50,50,0,155,74.8,6,6,5,6,5,1,1.083183988,2654.379085,6
BA21364-IK'DT-1081,1081,MD,1,6,E33,TZEEIOR 525 X TZEEIOR  9 A,49,49,0,145.6,74.6,4,6,5,6,5,0.888888889,0,2026.666667,5
BA21364-IK'DT-1082,1082,MD,1,6,E169,TZEEIOR 45 X TZEE OR 30,54,55,1,156.6,65.4,3,7,6,7,6,0.411764706,0,761.6557734,6
BA21364-IK'DT-1083,1083,MD,1,6,E112,TZEEIOR 396 X TZEEIOR 197,50,50,0,172,83.6,2,6,3,6,3,0.833333333,0,3462.745098,4
BA21364-IK'DT-1084,1084,MD,1,6,E43,TZEEIOR 365 X TZEEIOR 97,47,46,1,182.2,88.8,5,5,3,5,3,0.888888889,0,3513.72549,5
BA21364-IK'DT-1085,1085,MD,1,7,E22,TZEEIOR 28 X TZEEIOR  9 A,47,47,0,187.4,83.8,3,4,4,4,4,0.888888889,1.130333768,2818.344227,5
BA21364-IK'DT-1086,1086,MD,1,7,E97,TZEEIOR 209 X TZEEIOR 249,48,49,1,187.2,96.8,5,4,4,4,4,0.882352941,1.156347201,2921.568627,4
BA21364-IK'DT-1087,1087,MD,1,7,E95,TZEEIOR 41 X TZEEEIOR 249,48,49,1,198.2,99,5,4,4,4,4,0.666666667,0,2766.448802,3
BA21364-IK'DT-1088,1088,MD,1,7,E164,TZEEIOR 202 X TZEEIOR 30,48,48,0,190.4,96,1,2,2,2,2,1,0,4313.72549,3
BA21364-IK'DT-1089,1089,MD,1,7,E14,TZEEIOR 540 X TZEEIOR  9 A,46,45,1,173.6,86,5,4,4,4,4,1,1.389687134,2907.276688,6
BA21364-IK'DT-1090,1090,MD,1,7,E62,TZEEIOR 221 X TZEEIOR 97 ,50,49,1,188.8,105.8,5,5,4,5,4,0.777777778,0,2934.640523,4
BA21364-IK'DT-1091,1091,MD,1,7,E46,TZEEIOR 458 X TZEEIOR 97,50,50,0,173.2,100,3,4,3,4,3,0.333333333,0,3098.910675,4
BA21364-IK'DT-1092,1092,MD,1,7,E15,TZEEIOR 548 X TZEEIOR  9 A,50,50,0,157.4,78.8,5,5,3,5,3,0.944444444,0.83773694,2760.348584,5
BA21364-IK'DT-1093,1093,MD,1,7,E13,TZEEIOR 509 X TZEEIOR  9 A,50,49,1,156,88.8,6,5,4,5,4,0.888888889,0,2851.764706,6
BA21364-IK'DT-1094,1094,MD,1,7,E58,TZEEIOR 28 X TZEEIOR 97,53,55,2,179.8,87.2,3,6,5,6,5,0.444444444,1.414973348,1134.640523,4
BA21364-IK'DT-1095,1095,MD,1,7,E40,TZEEIOR 396 X TZEEIOR 97,52,53,1,145.4,83,4,6,5,6,5,0.611111111,1.003930294,1977.777778,4
BA21364-IK'DT-1096,1096,MD,1,7,E156,TZEEIOR 479 X TZEEIOR 30,49,48,1,153.2,69.2,3,5,4,5,4,1,0,2928.104575,5
BA21364-IK'DT-1097,1097,MD,1,7,E38,TZEEIOR 321 X TZEEIOR 97,50,50,0,151,69.6,3,5,4,5,4,0.777777778,1.184285738,2174.117647,5
BA21364-IK'DT-1098,1098,MD,1,7,E119,TZEEIOR 479 X TZEEIOR 197,48,49,1,161.2,67.2,3,4,3,4,3,0.882352941,0,3102.396514,5
BA21364-IK'DT-1099,1099,MD,1,8,E175,TZEEIOR 536 X TZEEIOR 30,50,51,1,133.4,65.4,4,6,4,6,4,0.777777778,0,1949.891068,5
BA21364-IK'DT-1100,1100,MD,1,8,E167,TZEEIOR 28 X TZEEIOR 30,54,55,1,146.4,49,3,7,6,7,6,0.277777778,1.612783857,377.3420479,4
BA21364-IK'DT-1101,1101,MD,1,8,E77,TZEEIOR 384 XTZEEIOR 249 ,50,50,0,138.8,62.6,5,6,5,6,5,0.611111111,1.451367704,1430.021786,6
BA21364-IK'DT-1102,1102,MD,1,8,E171,TZEEIOR 221 X TZEEIOR 30 ,54,56,2,135.4,62.4,1,6,5,6,5,0.555555556,0,971.6775599,6
BA21364-IK'DT-1103,1103,MD,1,8,E108,TZEEIOR 305 X TZEEIOR 249,51,51,0,148.8,65.8,3,5,4,5,4,0.666666667,0,1760.784314,5
BA21364-IK'DT-1104,1104,MD,1,8,E185,TZEEIOR 97 X TZEEIOR 197 ,54,56,2,141.8,69,3,6,5,6,5,0.666666667,1.247154615,1354.248366,6
BA21364-IK'DT-1105,1105,MD,1,8,E63,TZEEIOR 142 X TZEEIOR 97,56,58,2,128,63,4,7,5,7,5,0.294117647,0,755.5555556,6
BA21364-IK'DT-1106,1106,MD,1,8,E142,TZEEIOR 510 X TZEEIOR 197,50,50,0,160,72.2,3,5,5,5,5,0.777777778,0,1570.37037,6
BA21364-IK'DT-1107,1107,MD,1,8,E128,TZEEIOR 205 X TZEEIOR 197 ,48,49,1,194.4,98.4,2,4,5,4,5,1,1.365903777,2745.098039,6
BA21364-IK'DT-1108,1108,MD,1,8,E134,TZEEIOR 221 X TZEEIOR 197 ,49,49,0,177,87.4,2,4,4,4,4,0.833333333,1.322219295,2324.183007,6
BA21364-IK'DT-1109,1109,MD,1,8,E81,TZEEIOR 515 X TZEEIOR 249 ,46,45,1,181.4,71.8,5,4,4,4,4,1,1.083183988,3022.962963,4
BA21364-IK'DT-1110,1110,MD,1,8,E92,TZEEIOR 205 X TZEEIOR 249 ,50,51,1,163.4,96.2,4,5,5,5,5,0.777777778,0,1786.27451,6
BA21364-IK'DT-1111,1111,MD,1,8,E84,TZEEIOR 513 X TZEEIOR 249,50,50,0,141,64.4,4,7,5,7,5,0.777777778,1.470872305,1236.775599,7
BA21364-IK'DT-1112,1112,MD,1,8,E69,TZEEIOR 525 X TZEEIOR 97,56,57,1,89,46.6,5,9,6,9,6,0.277777778,1.322219295,571.8954248,7
BA21364-IK'DT-1113,1113,MD,1,9,E101,TZEEIOR 349 XTZEEIOR 249,50,51,1,142.2,65.2,4,6,5,6,5,0.777777778,1.184285738,1745.098039,6
BA21364-IK'DT-1114,1114,MD,1,9,E17,TZEEIOR 542 TZEEIOR  9 A ,50,50,0,149.8,66.8,5,5,5,5,5,0.875,1.350801612,1568.627451,5
BA21364-IK'DT-1115,1115,MD,1,9,E71,TZEEIOR 546 X TZEEIOR 97,53,53,0,155.4,82.2,4,6,4,6,4,0.555555556,0,2520.697168,5
BA21364-IK'DT-1116,1116,MD,1,9,E160,TZEEIOR 548 X TZEEIOR 30,50,50,0,155,68.8,4,4,3,4,3,0.777777778,0.910776816,2993.638344,5
BA21364-IK'DT-1117,1117,MD,1,9,E132,TZEEIOR 45 X TZEE OR 197,48,49,1,166.6,67,2,6,4,6,4,0.944444444,1.106010812,2384.183007,5
BA21364-IK'DT-1118,1118,MD,1,9,E82,TZEEIOR 458 X TZEEIOR 249,49,48,1,155.4,74.6,5,4,3,4,3,0.944444444,0.83773694,2596.862745,5
BA21364-IK'DT-1119,1119,MD,1,9,E194,CHECH 4 - TZdEEI 1 x TZdEEI 5,45,45,0,171.4,78.2,5,6,4,6,4,0.888888889,0.860338007,2461.089325,7
BA21364-IK'DT-1120,1120,MD,1,9,E73,TZEEIOR 346 X TZEEIOR 249,50,51,1,147.6,63.8,4,6,5,6,5,0.888888889,1.2955671,1795.904139,5
BA21364-IK'DT-1121,1121,MD,1,9,E180,TZEEIOR 546 X TZEEIOR 30,51,51,0,149.2,67.8,3,5,4,5,4,0.777777778,1.184285738,2048.409586,4
BA21364-IK'DT-1122,1122,MD,1,9,E67,TZEEIOR 486 X TZEEIOR 97,51,53,2,145.2,79,4,6,5,6,5,0.611111111,1.28288977,1747.058824,5
BA21364-IK'DT-1123,1123,MD,1,9,E27,TZEEIOR 142 X TZEEIOR  9 A,49,50,1,166,87,3,5,4,5,4,0.944444444,0.83773694,2366.013072,6
BA21364-IK'DT-1124,1124,MD,1,9,E181,TZEEIOR 30 X TZEEIOR 97,54,56,2,153.4,71.4,2,6,5,6,5,0.777777778,0,1138.562092,6
BA21364-IK'DT-1125,1125,MD,1,9,E165,TZEEIOR 205 X TZEEIOR 30 ,52,54,2,151,80,2,6,5,6,5,0.722222222,1.214436251,1565.141612,5
BA21364-IK'DT-1126,1126,MD,1,9,E130,TZEEIOR 28 X TZEEIOR 197,52,53,1,155,64.6,3,5,5,5,5,0.647058824,1.003930294,1745.098039,5
BA21364-IK'DT-1127,1127,MD,1,10,E120,TZEEIOR 513 X TZEEIOR 197,52,53,1,161.6,77.2,3,5,4,5,4,0.777777778,0,2745.098039,6
BA21364-IK'DT-1128,1128,MD,1,10,E16,TZEEIOR 523 X TZEEIOR  9 A,52,52,0,119.6,58.8,4,8,6,8,6,0.647058824,0,982.5708061,6
BA21364-IK'DT-1129,1129,MD,1,10,E54,TZEEIOR 500 X TZEEIOR 97,53,54,1,148,84.8,5,6,5,6,5,0.888888889,1.414973348,2303.267974,5
BA21364-IK'DT-1130,1130,MD,1,10,E9,TZEEIOR 515 X TZEEIOR  9 A ,48,48,0,141.8,62,5,7,5,7,5,0.888888889,1.414973348,2013.333333,7
BA21364-IK'DT-1131,1131,MD,1,10,E150,TZEEIOR 289 X TZEEIOR 30,51,50,1,153.8,63.4,3,5,4,5,4,0.888888889,0,2551.851852,5
BA21364-IK'DT-1132,1132,MD,1,10,E126,TZEEIOR 500 X TZEEIOR 197,50,51,1,157.2,74.8,4,6,5,6,5,0.666666667,0,1756.862745,5
BA21364-IK'DT-1133,1133,MD,1,10,E103,TZEEIOR 486 X TZEEIOR 249,50,50,0,151.4,75,5,5,4,5,4,0.777777778,1.184285738,2742.04793,4
BA21364-IK'DT-1134,1134,MD,1,10,E163,TZEEIOR 500 X TZEEIOR 30,48,48,0,144.6,69,3,4,4,4,4,0.833333333,1.156347201,2326.797386,3
BA21364-IK'DT-1135,1135,MD,1,10,E45,TZEEIOR 515 X TZEEIOR 97 ,49,50,1,161.2,76.4,4,5,4,5,4,1,1.365903777,2747.189542,4
BA21364-IK'DT-1136,1136,MD,1,10,E157,TZEEIOR 513 X TZEEIOR 30,47,47,0,154.4,71.6,4,5,4,5,4,1,0.816609502,3119.825708,6
BA21364-IK'DT-1137,1137,MD,1,10,E152,TZEEIOR 305  X TZEEIOR 30,47,46,1,170,76.8,3,3,3,3,3,1,0.816609502,4076.470588,6
BA21364-IK'DT-1138,1138,MD,1,10,E162,TZEEIOR 542 TZEEIOR 30 ,47,46,1,186.6,85,4,3,3,3,3,1,0,3877.995643,4
BA21364-IK'DT-1139,1139,MD,1,10,E2,TZEEIOR 321 X TZEEIOR  9 A,47,46,1,174.8,83.2,5,5,3,5,3,1,1.414973348,3029.673203,5
BA21364-IK'DT-1140,1140,MD,1,10,E55,TZEEIOR 202 X TZEEIOR 97,49,48,1,198,101.6,1,3,3,3,3,0.888888889,1.130333768,3450.980392,4
BA21364-IK'DT-1141,1141,MD,1,11,E83,TZEEIOR 479 X TZEEIOR 249,44,43,1,173.2,79.4,5,4,3,4,3,0.944444444,1.389687134,4140.522876,5
BA21364-IK'DT-1142,1142,MD,1,11,E104,TZEEIOR 526 X TZEEIOR 249,50,51,1,152.2,66.6,4,6,5,6,5,0.833333333,1.441956838,1747.058824,5
BA21364-IK'DT-1143,1143,MD,1,11,E121,TZEEIOR 509 X TZEEIOR 197,50,50,0,156.6,76.2,3,5,4,5,4,1,0.816609502,2546.187364,4
BA21364-IK'DT-1144,1144,MD,1,11,E49,TZEEIOR 509 X TZEEIOR 97,51,51,0,150.6,76.4,5,5,4,5,4,0.888888889,0.860338007,2520.697168,5
BA21364-IK'DT-1145,1145,MD,1,11,E105,TZEEIOR 525 X TZEEIOR 249,50,50,0,146.8,72.4,5,5,5,5,5,0.833333333,1.441956838,1954.248366,5
BA21364-IK'DT-1146,1146,MD,1,11,E182,TZEEIOR 30 X TZEEIOR 197,50,51,1,172.6,72.2,3,4,4,4,4,0.888888889,1.2955671,2888.888889,4
BA21364-IK'DT-1147,1147,MD,1,11,E123,TZEEIOR 548 X TZEEIOR 197,50,50,0,166.6,78,3,5,4,5,4,0.722222222,1.214436251,2526.361656,5
BA21364-IK'DT-1148,1148,MD,1,11,E7,TZEEIOR 365 X TZEEIOR  9 A,50,50,0,159.4,78.4,2,4,3,4,3,1,0,2778.649237,5
BA21364-IK'DT-1149,1149,MD,1,11,E153,TZEEIOR 290 X TZEEIOR 30,52,51,1,169,72.2,4,5,4,5,4,0.882352941,1.156347201,2352.941176,4
BA21364-IK'DT-1150,1150,MD,1,11,E65,TZEEIOR 349 XTZEEIOR 97,54,55,1,144,80.6,5,6,4,6,4,0.777777778,1.564835083,2159.259259,5
BA21364-IK'DT-1151,1151,MD,1,11,E131,TZEEIOR 41 X TZEEEIOR 197,50,50,0,173,76.6,3,3,3,3,3,0.944444444,1.106010812,3490.196078,3
BA21364-IK'DT-1152,1152,MD,1,11,E158,TZEEIOR 509 X TZEEIOR 30,49,48,1,161.2,72.6,1,3,2,3,2,1.055555556,0,4658.823529,2
BA21364-IK'DT-1153,1153,MD,1,11,E100,TZEEIOR 381 X TZEEIOR 249,49,48,1,163.4,72.4,5,4,5,4,5,0.888888889,1.707570176,3147.712418,3
BA21364-IK'DT-1154,1154,MD,1,11,E39,TZEEIOR 314 X TZEEIOR 97,50,50,0,169,75,5,5,4,5,4,1,1.53571597,3912.854031,3
BA21364-IK'DT-1155,1155,MD,1,12,E11,TZEEIOR 479 X TZEEIOR  9 A,49,48,1,156,71.4,3,5,5,5,5,1,1.365903777,3175.599129,4
BA21364-IK'DT-1156,1156,MD,1,12,E8,TZEEIOR 290 X TZEEIOR  9 A,50,50,0,161.2,83,4,4,5,4,5,1.055555556,1.343460422,3781.437908,4
BA21364-IK'DT-1157,1157,MD,1,12,E187,TZEEIOR 97 X TZEEIOR 9 A,50,50,0,186.8,102.4,5,3,3,3,3,0.944444444,1.270610341,4343.267974,3
BA21364-IK'DT-1158,1158,MD,1,12,E80,TZEEIOR 290 X TZEEIOR 249,47,46,1,172,79.2,3,3,3,3,3,1.166666667,1.53571597,5429.1939,3
BA21364-IK'DT-1159,1159,MD,1,12,E89,TZEEIOR 542 TZEEIOR 249 ,48,47,1,197,81.6,4,2,4,2,4,0.888888889,1.414973348,4313.72549,4
BA21364-IK'DT-1160,1160,MD,1,12,E36,TZEEIOR 305 X TZEEIOR 9 A ,47,46,1,166.6,86.2,4,4,4,4,4,1,1.083183988,4390.413943,5
BA21364-IK'DT-1161,1161,MD,1,12,E135,TZEEIOR 142 X TZEEIOR 197,46,47,1,198.8,85.2,1,2,3,2,3,1.055555556,1.225037082,5229.411765,4
BA21364-IK'DT-1162,1162,MD,1,12,E72,TZEEIOR 305 X TZEEIOR 97,51,51,0,173.8,79.6,5,5,5,5,5,0.888888889,1.2955671,2931.372549,5
BA21364-IK'DT-1163,1163,MD,1,12,E51,TZEEIOR 548 X TZEEIOR 97,51,51,0,164.2,78.4,4,4,5,4,5,0.833333333,1.156347201,2911.764706,4
BA21364-IK'DT-1164,1164,MD,1,12,E60,TZEEIOR 45 X TZEE OR 97,53,54,1,166.8,86,1,5,6,5,6,0.555555556,1.322219295,1930.283224,3
BA21364-IK'DT-1165,1165,MD,1,12,E186,TZEEIOR 97 X TZEEIOR 249,50,50,0,172,79,4,4,4,4,4,0.722222222,1.214436251,2921.568627,4
BA21364-IK'DT-1166,1166,MD,1,12,E28,TZEEIOR 381 X TZEEIOR  9 A,50,50,0,132.8,67.2,4,7,6,7,6,0.666666667,1.53571597,1387.799564,6
BA21364-IK'DT-1167,1167,MD,1,12,E174,TZEEIOR 349 XTZEEIOR 30,52,52,0,136,65.8,3,6,6,6,6,0.888888889,1.58546073,2342.48366,5
BA21364-IK'DT-1168,1168,MD,1,12,E191,CHECK 1 TZEEIOR 109 x TZdEEI 12,51,51,0,131.2,74.2,3,6,5,6,5,0.777777778,1.184285738,2002.222222,6
BA21364-IK'DT-1169,1169,MD,1,13,E148,TZEEIOR 396 X TZEEIOR 30,53,54,1,128.4,56.2,2,7,6,7,6,0.5,0,1176.470588,6
BA21364-IK'DT-1170,1170,MD,1,13,E64,TZEEIOR 381 X TZEEIOR 97,51,51,0,153.8,84.2,4,6,6,6,6,0.666666667,0,2729.847495,4
BA21364-IK'DT-1171,1171,MD,1,13,E32,TZEEIOR 526 X TZEEIOR  9 A,50,50,0,143.4,68.8,3,5,4,5,4,0.777777778,0,2384.313725,6
BA21364-IK'DT-1172,1172,MD,1,13,E50,TZEEIOR 540 X TZEEIOR 97,52,52,0,157.6,83.8,5,5,4,5,4,0.833333333,0,2515.03268,5
BA21364-IK'DT-1173,1173,MD,1,13,E91,TZEEIOR 202 X TZEEIOR 249,50,50,0,183.6,87.6,3,4,4,4,4,0.944444444,0,2699.346405,3
BA21364-IK'DT-1174,1174,MD,1,13,E59,TZEEIOR 41 X TZEEEIOR 97,51,52,1,173.4,85.6,2,5,4,5,4,0.666666667,0,1725.490196,3
BA21364-IK'DT-1175,1175,MD,1,13,E78,TZEEIOR 289 X TZEEIOR 249,48,48,0,159.8,69.2,6,4,5,4,5,0.888888889,0,3494.117647,5
BA21364-IK'DT-1176,1176,MD,1,13,E173,TZEEIOR 381 X TZEEIOR 30,49,48,1,171.2,82.4,4,3,4,3,4,0.833333333,0,3704.793028,3
BA21364-IK'DT-1177,1177,MD,1,13,E1,TZEEIOR 346 X TZEEIOR  9 A,48,48,0,162.8,78.4,5,4,4,4,4,1,1.083183988,4380.827887,5
BA21364-IK'DT-1178,1178,MD,1,13,E24,TZEEIOR 45 X TZEE OR  9 A,47,46,1,186.4,87.2,4,4,3,4,3,1,0.816609502,4963.137255,4
BA21364-IK'DT-1179,1179,MD,1,13,E149,TZEEIOR 384 XTZEEIOR 30 ,49,48,1,168.2,71.4,4,4,3,4,3,1,0,4509.803922,3
BA21364-IK'DT-1180,1180,MD,1,13,E170,TZEEIOR 209 X TZEEIOR 30,52,52,0,173.4,80.4,2,5,5,5,5,0.944444444,0,2753.376906,4
BA21364-IK'DT-1181,1181,MD,1,13,E114,TZEEIOR 289 X TZEEIOR 197,51,52,1,161.4,71.6,1,5,5,5,5,0.833333333,0,2534.858388,5
BA21364-IK'DT-1182,1182,MD,1,13,E25,TZEEIOR 209 X TZEEIOR  9 A,51,52,1,161.8,89.4,5,6,6,6,6,0.777777778,0.910776816,1768.627451,6
BA21364-IK'DT-1183,1183,MD,1,14,E52,TZEEIOR 523 X TZEEIOR 97,49,48,1,160.6,86.6,5,4,5,4,5,0.833333333,0.884606581,2717.647059,6
BA21364-IK'DT-1184,1184,MD,1,14,E31,TZEEIOR 486 X TZEEIOR  9 A,48,48,0,155.2,71.6,5,5,5,5,5,0.833333333,0,2147.276688,6
BA21364-IK'DT-1185,1185,MD,1,14,E116,TZEEIOR 290 X TZEEIOR 197,48,48,0,173.4,83,4,4,5,4,5,0.888888889,0,2720.697168,6
BA21364-IK'DT-1186,1186,MD,1,14,E141,TZEEIOR 525 X TZEEIOR 197,48,48,0,166,72.4,2,4,4,4,4,0.888888889,0,2921.568627,6
BA21364-IK'DT-1187,1187,MD,1,14,E75,TZEEIOR 314 X TZEEIOR 249,48,48,0,154.2,70.2,5,5,4,5,4,1,0.816609502,2431.372549,6
BA21364-IK'DT-1188,1188,MD,1,14,E193,CHECK 3 - TZEEIY Pop STR C5 x TZEEI 58,47,48,1,169.8,86.2,3,5,4,5,4,0.777777778,0.910776816,2321.568627,6
BA21364-IK'DT-1189,1189,MD,1,14,E35,TZEEIOR 546 X TZEEIOR  9 A,49,48,1,159.6,74.8,4,4,5,4,5,1,0,2394.814815,6
BA21364-IK'DT-1190,1190,MD,1,14,E76,TZEEIOR 396 X TZEEIOR 249,51,51,0,148.8,80.6,4,5,5,5,5,1,0,2337.254902,4
BA21364-IK'DT-1191,1191,MD,1,14,E20,TZEEIOR 205 X TZEEIOR  9 A ,50,51,1,156.6,86.2,3,4,4,4,4,0.888888889,0,3144.22658,3
BA21364-IK'DT-1192,1192,MD,1,14,E18,TZEEIOR 500 X TZEEIOR  9 A,49,49,0,135.4,69.4,4,4,5,4,5,0.944444444,0,2188.017429,7
BA21364-IK'DT-1193,1193,MD,1,14,E145,TZEEIOR 346 X TZEEIOR 30,53,52,1,152.2,66.4,2,5,5,5,5,0.944444444,0.83773694,2745.098039,5
BA21364-IK'DT-1194,1194,MD,1,14,E143,TZEEIOR 546 X TZEEIOR 197,53,53,0,176,81.2,3,3,4,3,4,0.888888889,0,3462.745098,3
BA21364-IK'DT-1195,1195,MD,1,14,E111,TZEEIOR 314 X TZEEIOR 197,48,48,0,165,79.8,2,4,4,4,4,1,0.816609502,3622.004357,3
BA21364-IK'DT-1196,1196,MD,1,14,E10,TZEEIOR 458 X TZEEIOR  9 A,46,45,1,170,87.6,5,4,4,4,4,1.055555556,0,3628.104575,6
BA21364-IK'DT-2001,2001,MD,2,15,E10,TZEEIOR 458 X TZEEIOR  9 A,47,46,1,173.8,86,5,,3,,3,1.055555556,0,4170.718954,7
BA21364-IK'DT-2002,2002,MD,2,15,E169,TZEEIOR 45 X TZEE OR 30,51,52,1,174.6,66,3,6,6,6,6,0.666666667,0,1358.823529,6
BA21364-IK'DT-2003,2003,MD,2,15,E121,TZEEIOR 509 X TZEEIOR 197,46,45,1,182.6,87.6,3,3,2,3,2,1.111111111,0,5623.093682,4
BA21364-IK'DT-2004,2004,MD,2,15,E142,TZEEIOR 510 X TZEEIOR 197,48,49,1,180.6,75,3,3,4,3,4,1,0,3251.851852,4
BA21364-IK'DT-2005,2005,MD,2,15,E23,TZEEIOR 41 X TZEEEIOR  9 A,48,48,0,173.6,85.6,2,4,5,4,5,0.764705882,0,2384.183007,5
BA21364-IK'DT-2006,2006,MD,2,15,E83,TZEEIOR 479 X TZEEIOR 249,49,48,1,170.6,87.2,5,4,5,4,5,0.944444444,0,2347.712418,6
BA21364-IK'DT-2007,2007,MD,2,15,E124,TZEEIOR 523 X TZEEIOR 197,47,47,0,169.8,78,3,4,4,4,4,0.888888889,0,3285.185185,5
BA21364-IK'DT-2008,2008,MD,2,15,E174,TZEEIOR 349 XTZEEIOR 30,52,53,1,152.6,74,5,7,6,7,6,0.722222222,1.214436251,1747.058824,6
BA21364-IK'DT-2009,2009,MD,2,15,E2,TZEEIOR 321 X TZEEIOR  9 A,50,51,1,150,68.4,4,5,6,5,6,0.888888889,0,1768.627451,6
BA21364-IK'DT-2010,2010,MD,2,15,E107,TZEEIOR 546 X TZEEIOR 249,50,50,0,163.2,83.6,4,5,6,5,6,0.722222222,0,2082.570806,4
BA21364-IK'DT-2011,2011,MD,2,15,E188,TZEEIOR 197 X TZEEIOR 9A ,49,50,1,160.4,69,3,5,5,5,5,1,0,2729.847495,5
BA21364-IK'DT-2012,2012,MD,2,15,E93,TZEEIOR 24 X TZEEIOR 249 ,51,52,1,173,75,3,5,6,5,6,0.888888889,0.860338007,2075.381264,5
BA21364-IK'DT-2013,2013,MD,2,15,E147,TZEEIOR 314 X TZEEIOR 30,49,49,0,153.8,70,3,4,4,4,4,1,1.083183988,3074.509804,5
BA21364-IK'DT-2014,2014,MD,2,15,E129,TZEEIOR 24 X TZEEIOR 197 ,50,51,1,178.2,76,3,4,4,4,4,1,0,3696.514161,4
BA21364-IK'DT-2015,2015,MD,2,16,E63,TZEEIOR 142 X TZEEIOR 97,55,57,2,162.4,84.4,5,5,5,5,5,0.555555556,0,1982.222222,5
BA21364-IK'DT-2016,2016,MD,2,16,E40,TZEEIOR 396 X TZEEIOR 97,55,56,1,154.4,82,5,5,5,5,5,0.722222222,0.939135091,1869.281046,6
BA21364-IK'DT-2017,2017,MD,2,16,E176,TZEEIOR 486 X TZEEIOR 30,52,52,0,158.6,75.2,4,5,5,5,5,0.722222222,0,3057.08061,4
BA21364-IK'DT-2018,2018,MD,2,16,E144,TZEEIOR 305 X TZEEIOR 197,50,50,0,165.2,80.6,3,5,5,5,5,0.888888889,0,2947.712418,6
BA21364-IK'DT-2019,2019,MD,2,16,E36,TZEEIOR 305 X TZEEIOR 9 A ,50,50,0,153.8,75.4,3,5,5,5,5,0.888888889,1.130333768,2784.749455,7
BA21364-IK'DT-2020,2020,MD,2,16,E140,TZEEIOR 526 X TZEEIOR 197,52,54,2,161.6,88.8,2,6,6,6,6,0.722222222,0,1960.784314,6
BA21364-IK'DT-2021,2021,MD,2,16,E25,TZEEIOR 209 X TZEEIOR  9 A,50,50,0,166.2,88.8,3,5,6,5,6,0.888888889,0.860338007,1941.176471,6
BA21364-IK'DT-2022,2022,MD,2,16,E153,TZEEIOR 290 X TZEEIOR 30,47,46,1,164.4,66.6,5,4,5,4,5,0.944444444,0.83773694,3314.814815,6
BA21364-IK'DT-2023,2023,MD,2,16,E28,TZEEIOR 381 X TZEEIOR  9 A,47,47,0,166.6,86.8,4,5,6,5,6,0.777777778,1.470872305,2008.888889,7
BA21364-IK'DT-2024,2024,MD,2,16,E3,TZEEIOR 314 X TZEEIOR  9 A,45,44,1,168.6,86.8,4,4,3,4,3,1,0.816609502,3995.991285,6
BA21364-IK'DT-2025,2025,MD,2,16,E24,TZEEIOR 45 X TZEE OR  9 A,46,45,1,183,87,3,4,3,4,3,0.823529412,0,3419.346405,5
BA21364-IK'DT-2026,2026,MD,2,16,E98,TZEEIOR 221 X TZEEIOR 249 ,54,56,2,137.4,69.4,4,7,7,7,7,0.611111111,0,780.8278867,6
BA21364-IK'DT-2027,2027,MD,2,16,E181,TZEEIOR 30 X TZEEIOR 97,56,58,2,127.4,58.4,3,7,7,7,7,0.333333333,0,774.7276688,7
BA21364-IK'DT-2028,2028,MD,2,16,E157,TZEEIOR 513 X TZEEIOR 30,53,54,1,120.6,52.8,3,7,6,7,6,0.611111111,0,1137.254902,7
BA21364-IK'DT-2029,2029,MD,2,17,E14,TZEEIOR 540 X TZEEIOR  9 A,51,51,0,137.6,65,5,7,6,7,6,0.833333333,1.156347201,1570.37037,5
BA21364-IK'DT-2030,2030,MD,2,17,E132,TZEEIOR 45 X TZEE OR 197,53,54,1,142.6,60,5,7,6,7,6,0.444444444,0,1323.747277,5
BA21364-IK'DT-2031,2031,MD,2,17,E5,TZEEIOR 384 XTZEEIOR  9 A ,50,50,0,119.4,50.6,5,7,6,7,6,0.722222222,0,2352.941176,6
BA21364-IK'DT-2032,2032,MD,2,17,E46,TZEEIOR 458 X TZEEIOR 97,53,54,1,140.6,69,5,6,5,6,5,0.888888889,0,2318.954248,6
BA21364-IK'DT-2033,2033,MD,2,17,E48,TZEEIOR 513 X TZEEIOR 97,51,52,1,135,73.4,5,6,5,6,5,0.888888889,0,2934.640523,5
BA21364-IK'DT-2034,2034,MD,2,17,E99,TZEEIOR 142 X TZEEIOR 249,54,55,1,151.6,72,3,3,6,3,6,0.666666667,0,1630.065359,5
BA21364-IK'DT-2035,2035,MD,2,17,E80,TZEEIOR 290 X TZEEIOR 249,50,50,0,149,66.6,5,5,5,5,5,0.941176471,0,2492.374728,4
BA21364-IK'DT-2036,2036,MD,2,17,E155,TZEEIOR 458 X TZEEIOR 30,52,51,1,150.8,70.8,3,4,5,4,5,0.944444444,0,2888.888889,3
BA21364-IK'DT-2037,2037,MD,2,17,E45,TZEEIOR 515 X TZEEIOR 97 ,54,54,0,142.2,60.8,4,6,5,6,5,0.555555556,0,1754.901961,5
BA21364-IK'DT-2038,2038,MD,2,17,E148,TZEEIOR 396 X TZEEIOR 30,54,54,0,123,54.8,3,7,6,7,6,0.555555556,0,958.6056645,7
BA21364-IK'DT-2039,2039,MD,2,17,E77,TZEEIOR 384 XTZEEIOR 249 ,50,50,0,162.2,79.4,5,5,5,5,5,0.944444444,0,2318.954248,5
BA21364-IK'DT-2040,2040,MD,2,17,E146,TZEEIOR 321 X TZEEIOR 30,51,51,0,145,66.4,4,6,5,6,5,0.833333333,0,2156.862745,6
BA21364-IK'DT-2041,2041,MD,2,17,E123,TZEEIOR 548 X TZEEIOR 197,50,51,1,155,74.6,3,5,5,5,5,0.888888889,0,2506.535948,5
BA21364-IK'DT-2042,2042,MD,2,17,E97,TZEEIOR 209 X TZEEIOR 249,51,52,1,161.4,85.6,5,5,6,5,6,0.944444444,1.106010812,1741.176471,4
BA21364-IK'DT-2043,2043,MD,2,18,E15,TZEEIOR 548 X TZEEIOR  9 A,48,48,0,147.6,147.6,4,5,5,5,5,0.777777778,0,2412.461874,6
BA21364-IK'DT-2044,2044,MD,2,18,E134,TZEEIOR 221 X TZEEIOR 197 ,50,51,1,173.8,85.2,3,5,5,5,5,0.833333333,0.884606581,2342.48366,6
BA21364-IK'DT-2045,2045,MD,2,18,E60,TZEEIOR 45 X TZEE OR 97,53,55,2,172.6,82.6,3,5,6,5,6,0.5,0,1343.572985,4
BA21364-IK'DT-2046,2046,MD,2,18,E57,TZEEIOR 24 X TZEEIOR 97 ,53,55,2,174.8,89.4,3,6,6,6,6,0.611111111,0,1719.607843,5
BA21364-IK'DT-2047,2047,MD,2,18,E55,TZEEIOR 202 X TZEEIOR 97,53,56,3,173.4,79.4,3,5,6,5,6,0.722222222,0.939135091,1500.653595,6
BA21364-IK'DT-2048,2048,MD,2,18,E138,TZEEIOR 536 X TZEEIOR 197,53,55,2,141.6,76,3,7,6,7,6,0.666666667,0,1329.847495,6
BA21364-IK'DT-2049,2049,MD,2,18,E96,TZEEIOR 45 X TZEE OR 249,51,52,1,167,70,2,5,6,5,6,0.833333333,0,1727.45098,6
BA21364-IK'DT-2050,2050,MD,2,18,E7,TZEEIOR 365 X TZEEIOR  9 A,46,47,1,147.4,68,3,6,5,6,5,0.944444444,0,1176.470588,6
BA21364-IK'DT-2051,2051,MD,2,18,E54,TZEEIOR 500 X TZEEIOR 97,48,48,0,170,95.2,3,6,6,6,6,0.944444444,0,2324.183007,6
BA21364-IK'DT-2052,2052,MD,2,18,E162,TZEEIOR 542 TZEEIOR 30 ,50,50,0,156.6,71,3,5,6,5,6,0.666666667,0,1747.058824,5
BA21364-IK'DT-2053,2053,MD,2,18,E185,TZEEIOR 97 X TZEEIOR 197 ,53,54,1,168.4,85.6,3,6,6,6,6,0.888888889,0,2108.932462,5
BA21364-IK'DT-2054,2054,MD,2,18,E164,TZEEIOR 202 X TZEEIOR 30,53,54,1,168,80.4,2,5,6,5,6,0.666666667,0.970036777,1343.572985,6
BA21364-IK'DT-2055,2055,MD,2,18,E50,TZEEIOR 540 X TZEEIOR 97,48,47,1,182.8,92.8,4,4,4,4,4,1,0.816609502,3891.067538,5
BA21364-IK'DT-2056,2056,MD,2,18,E190,TZEEIOR 249 X TZEEIOR 9 A ,50,50,0,164.2,79,4,6,5,6,5,0.555555556,0,1414.901961,6
BA21364-IK'DT-2057,2057,MD,2,19,E186,TZEEIOR 97 X TZEEIOR 249,51,52,1,167,89.6,5,5,5,5,5,0.833333333,0,2137.690632,5
BA21364-IK'DT-2058,2058,MD,2,19,E79,TZEEIOR 365 X TZEEIOR 249,50,50,0,145.2,75.2,2,5,4,5,4,0.777777778,0,2014.291939,6
BA21364-IK'DT-2059,2059,MD,2,19,E120,TZEEIOR 513 X TZEEIOR 197,51,52,1,167.6,80.2,1,5,6,5,6,0.833333333,0,1936.819172,6
BA21364-IK'DT-2060,2060,MD,2,19,E39,TZEEIOR 314 X TZEEIOR 97,52,53,1,158.2,75.8,6,6,6,6,6,0.722222222,0,1895.424837,5
BA21364-IK'DT-2061,2061,MD,2,19,E34,TZEEIOR 510 X TZEEIOR  9 A,50,50,0,151.6,70.8,3,4,5,4,5,0.888888889,0,2352.941176,6
BA21364-IK'DT-2062,2062,MD,2,19,E193,CHECK 3 - TZEEIY Pop STR C5 x TZEEI 58,50,51,1,166,80,1,4,5,4,5,0.722222222,0,1921.568627,5
BA21364-IK'DT-2063,2063,MD,2,19,E168,TZEEIOR 41 X TZEEEIOR 30,56,58,2,151.6,56.2,1,6,7,6,7,0.444444444,0,575.1633987,5
BA21364-IK'DT-2064,2064,MD,2,19,E52,TZEEIOR 523 X TZEEIOR 97,51,51,0,163.2,78.2,4,4,5,4,5,1,0,2921.568627,3
BA21364-IK'DT-2065,2065,MD,2,19,E130,TZEEIOR 28 X TZEEIOR 197,53,54,1,164.6,66,1,6,6,6,6,0.722222222,0.939135091,1694.117647,3
BA21364-IK'DT-2066,2066,MD,2,19,E21,TZEEIOR 24 X TZEEIOR  9 A ,51,51,0,163.4,73.6,1,5,5,5,5,0.833333333,0,1956.427015,5
BA21364-IK'DT-2067,2067,MD,2,19,E62,TZEEIOR 221 X TZEEIOR 97 ,53,54,1,162,85,4,6,5,6,5,0.722222222,0,1717.647059,5
BA21364-IK'DT-2068,2068,MD,2,19,E183,TZEEIOR 30 X TZEEIOR 249,51,52,1,170.6,75.8,1,4,5,4,5,1.055555556,1.061690514,2523.529412,4
BA21364-IK'DT-2069,2069,MD,2,19,E78,TZEEIOR 289 X TZEEIOR 249,49,49,0,161.4,72.8,5,4,5,4,5,1.055555556,0,2905.228758,5
BA21364-IK'DT-2070,2070,MD,2,19,E72,TZEEIOR 305 X TZEEIOR 97,54,56,2,147.4,74.6,5,7,6,7,6,0.444444444,0,1168.627451,6
BA21364-IK'DT-2071,2071,MD,2,20,E182,TZEEIOR 30 X TZEEIOR 197,54,55,1,163,66.6,1,6,5,6,5,0.611111111,0,1735.294118,6
BA21364-IK'DT-2072,2072,MD,2,20,E49,TZEEIOR 509 X TZEEIOR 97,54,56,2,140.4,78.2,5,7,6,7,6,0.5,0,944.4444444,6
BA21364-IK'DT-2073,2073,MD,2,20,E94,TZEEIOR 28 X TZEEIOR 249,52,53,1,167.4,72,3,5,6,5,6,0.722222222,0,1707.843137,4
BA21364-IK'DT-2074,2074,MD,2,20,E101,TZEEIOR 349 XTZEEIOR 249,50,51,1,153.2,69.8,3,5,5,5,5,0.833333333,0,2113.72549,3
BA21364-IK'DT-2075,2075,MD,2,20,E187,TZEEIOR 97 X TZEEIOR 9 A,54,54,0,169.8,79.8,4,5,5,5,5,0.833333333,0,1958.605664,6
BA21364-IK'DT-2076,2076,MD,2,20,E9,TZEEIOR 515 X TZEEIOR  9 A ,46,45,1,164.8,71.2,5,3,4,3,4,1,0,3925.925926,6
BA21364-IK'DT-2077,2077,MD,2,20,E56,TZEEIOR 205 X TZEEIOR 97 ,50,51,1,184.6,98.4,3,5,5,5,5,0.611111111,0,2486.71024,5
BA21364-IK'DT-2078,2078,MD,2,20,E73,TZEEIOR 346 X TZEEIOR 249,50,50,0,159.8,72.6,5,4,5,4,5,0.777777778,0,2503.703704,5
BA21364-IK'DT-2079,2079,MD,2,20,E150,TZEEIOR 289 X TZEEIOR 30,50,50,0,152.8,66.6,3,4,5,4,5,0.833333333,0,3029.673203,5
BA21364-IK'DT-2080,2080,MD,2,20,E175,TZEEIOR 536 X TZEEIOR 30,52,53,1,139,73.8,3,5,5,5,5,0.611111111,1.003930294,1949.891068,3
BA21364-IK'DT-2081,2081,MD,2,20,E33,TZEEIOR 525 X TZEEIOR  9 A,50,50,0,138.6,68.8,3,5,6,5,6,0.722222222,0,1790.196078,6
BA21364-IK'DT-2082,2082,MD,2,20,E43,TZEEIOR 365 X TZEEIOR 97,53,53,0,147,81.2,3,5,5,5,5,0.833333333,0,2546.187364,6
BA21364-IK'DT-2083,2083,MD,2,20,E59,TZEEIOR 41 X TZEEEIOR 97,55,56,1,153.2,72.8,3,5,6,5,6,0.611111111,0,1509.368192,5
BA21364-IK'DT-2084,2084,MD,2,20,E196,CHECK 6 -TZdEEI 1 x TZdEEI 12,53,54,1,115.6,54.2,5,7,7,7,7,0.777777778,1.184285738,577.124183,6
BA21364-IK'DT-2085,2085,MD,2,21,E64,TZEEIOR 381 X TZEEIOR 97,54,55,1,118.2,59.8,7,7,6,7,6,0.5,1.53571597,956.4270153,6
BA21364-IK'DT-2086,2086,MD,2,21,E143,TZEEIOR 546 X TZEEIOR 197,52,53,1,149.6,65.4,3,5,5,5,5,0.777777778,1.184285738,2326.797386,4
BA21364-IK'DT-2087,2087,MD,2,21,E88,TZEEIOR 523 X TZEEIOR 249,49,48,1,147,78.4,4,4,5,4,5,0.888888889,1.508529719,2376.20915,4
BA21364-IK'DT-2088,2088,MD,2,21,E103,TZEEIOR 486 X TZEEIOR 249,50,50,0,146.6,65.2,3,4,5,4,5,0.769230769,1.041392685,1938.997821,5
BA21364-IK'DT-2089,2089,MD,2,21,E4,TZEEIOR 396 X TZEEIOR  9 A,48,47,1,149.4,73.8,4,5,5,5,5,1,1.106010812,2790.501089,6
BA21364-IK'DT-2090,2090,MD,2,21,E6,TZEEIOR 289 X TZEEIOR  9 A,50,50,0,153.2,77,5,4,5,4,5,1.058823529,1.247154615,2996.949891,4
BA21364-IK'DT-2091,2091,MD,2,21,E194,CHECH 4 - TZdEEI 1 x TZdEEI 5,48,48,0,159.2,64.8,4,4,6,4,6,0.666666667,0.970036777,1749.019608,6
BA21364-IK'DT-2092,2092,MD,2,21,E100,TZEEIOR 381 X TZEEIOR 249,47,46,1,166.2,73.2,5,4,4,4,4,0.833333333,1.53571597,3134.117647,5
BA21364-IK'DT-2093,2093,MD,2,21,E67,TZEEIOR 486 X TZEEIOR 97,50,50,0,180.4,91.2,3,2,2,2,2,0.941176471,0,4869.281046,4
BA21364-IK'DT-2094,2094,MD,2,21,E184,TZEEIOR 30 X TZEEIOR 9 A,49,48,1,161.6,75.2,4,3,3,3,3,0.833333333,0,3533.333333,5
BA21364-IK'DT-2095,2095,MD,2,21,E11,TZEEIOR 479 X TZEEIOR  9 A,47,46,1,155,72.2,5,4,4,4,4,1,0.816609502,3333.333333,6
BA21364-IK'DT-2096,2096,MD,2,21,E106,TZEEIOR 510 X TZEEIOR 249,49,49,0,157.6,79.8,1,4,3,4,3,1.055555556,1.343460422,4217.864924,2
BA21364-IK'DT-2097,2097,MD,2,21,E32,TZEEIOR 526 X TZEEIOR  9 A,51,52,1,139.2,66.2,3,5,5,5,5,1.055555556,1.061690514,1934.640523,5
BA21364-IK'DT-2098,2098,MD,2,21,E84,TZEEIOR 513 X TZEEIOR 249,50,50,0,144.4,61.2,5,5,5,5,5,0.888888889,1.58546073,2576.732026,4
BA21364-IK'DT-2099,2099,MD,2,22,E71,TZEEIOR 546 X TZEEIOR 97,54,54,0,154.6,79.8,5,5,5,5,5,0.705882353,0,3300,3
BA21364-IK'DT-2100,2100,MD,2,22,E37,TZEEIOR 346 X TZEEIOR 97,54,55,1,159,85.4,5,5,4,5,4,0.777777778,1.350801612,2529.1939,4
BA21364-IK'DT-2101,2101,MD,2,22,E82,TZEEIOR 458 X TZEEIOR 249,50,50,0,154,77,4,5,5,5,5,0.777777778,1.350801612,1749.803922,4
BA21364-IK'DT-2102,2102,MD,2,22,E112,TZEEIOR 396 X TZEEIOR 197,50,50,0,168.4,82.8,3,4,4,4,4,0.944444444,0,3218.518519,3
BA21364-IK'DT-2103,2103,MD,2,22,E141,TZEEIOR 525 X TZEEIOR 197,52,54,2,156,72.6,4,5,5,5,5,0.666666667,1.247154615,2094.553377,4
BA21364-IK'DT-2104,2104,MD,2,22,E89,TZEEIOR 542 TZEEIOR 249 ,50,50,0,156.6,70.2,5,4,4,4,4,0.833333333,1.441956838,2500.87146,4
BA21364-IK'DT-2105,2105,MD,2,22,E102,TZEEIOR 536 X TZEEIOR 249,50,50,0,145.4,79.8,5,4,5,4,5,1,1.083183988,2562.352941,4
BA21364-IK'DT-2106,2106,MD,2,22,E87,TZEEIOR 548 X TZEEIOR 249,51,52,1,148.2,61,4,5,5,5,5,1.055555556,1.343460422,2200.522876,6
BA21364-IK'DT-2107,2107,MD,2,22,E41,TZEEIOR 384 XTZEEIOR 97 ,51,52,1,154.4,76.2,4,5,4,5,4,0.777777778,0.910776816,2282.352941,4
BA21364-IK'DT-2108,2108,MD,2,22,E70,TZEEIOR 510 X TZEEIOR 97,50,50,0,166.4,86.6,3,4,4,4,4,0.944444444,0,3601.30719,4
BA21364-IK'DT-2109,2109,MD,2,22,E149,TZEEIOR 384 XTZEEIOR 30 ,50,49,1,157,72,5,5,5,5,5,0.833333333,1.441956838,1921.568627,6
BA21364-IK'DT-2110,2110,MD,2,22,E158,TZEEIOR 509 X TZEEIOR 30,49,48,1,149.4,71.2,3,4,5,4,5,0.888888889,0,2726.797386,5
BA21364-IK'DT-2111,2111,MD,2,22,E136,TZEEIOR 381 X TZEEIOR 197,49,50,1,166,82.4,3,4,5,4,5,0.722222222,1.381600985,2905.228758,5
BA21364-IK'DT-2112,2112,MD,2,22,E35,TZEEIOR 546 X TZEEIOR  9 A,48,48,0,158.8,82.8,5,4,6,4,6,1,1.752475273,2540.522876,6
BA21364-IK'DT-2113,2113,MD,2,23,E119,TZEEIOR 479 X TZEEIOR 197,47,46,1,194,91,4,4,5,4,5,1.055555556,0,4003.267974,4
BA21364-IK'DT-2114,2114,MD,2,23,E76,TZEEIOR 396 X TZEEIOR 249,47,46,1,176,83,5,3,4,3,4,1,1.365903777,3882.352941,3
BA21364-IK'DT-2115,2115,MD,2,23,E177,TZEEIOR 526 X TZEEIOR 30,50,50,0,139.4,67,3,5,6,5,6,0.888888889,1.130333768,1729.411765,6
BA21364-IK'DT-2116,2116,MD,2,23,E113,TZEEIOR 384 XTZEEIOR 197 ,47,47,0,173,75,2,4,4,4,4,0.888888889,0,3119.825708,5
BA21364-IK'DT-2117,2117,MD,2,23,E122,TZEEIOR 540 X TZEEIOR 197,49,50,1,168,82.2,3,5,5,5,5,0.833333333,0,2503.703704,6
BA21364-IK'DT-2118,2118,MD,2,23,E29,TZEEIOR 349 XTZEEIOR  9 A,48,49,1,139,66.4,3,5,5,5,5,0.764705882,1.739146178,1764.705882,6
BA21364-IK'DT-2119,2119,MD,2,23,E154,TZEEIOR 515 X TZEEIOR 30,50,50,0,147.8,62,3,5,5,5,5,0.823529412,1.184285738,2108.932462,4
BA21364-IK'DT-2120,2120,MD,2,23,E191,CHECK 1 TZEEIOR 109 x TZdEEI 12,50,50,0,142.6,75,3,6,6,6,6,0.764705882,1.502006699,1619.607843,6
BA21364-IK'DT-2121,2121,MD,2,23,E180,TZEEIOR 546 X TZEEIOR 30,53,53,0,150.2,66.8,2,5,6,5,6,0.888888889,1.130333768,1671.285403,5
BA21364-IK'DT-2122,2122,MD,2,23,E156,TZEEIOR 479 X TZEEIOR 30,48,48,0,150.6,64,3,4,5,4,5,0.777777778,0.910776816,2924.836601,5
BA21364-IK'DT-2123,2123,MD,2,23,E111,TZEEIOR 314 X TZEEIOR 197,50,50,0,148.6,76.8,3,4,5,4,5,0.944444444,1.106010812,2714.59695,5
BA21364-IK'DT-2124,2124,MD,2,23,E30,TZEEIOR 536 X TZEEIOR  9 A,50,50,0,133.8,71,6,6,5,6,5,0.666666667,1.707570176,1604.270153,7
BA21364-IK'DT-2125,2125,MD,2,23,E133,TZEEIOR 209 X TZEEIOR 197,52,53,1,153.4,72.6,2,5,5,5,5,0.833333333,1.322219295,1737.254902,6
BA21364-IK'DT-2126,2126,MD,2,23,E172,TZEEIOR 142 X TZEEIOR 30,53,54,1,150.2,69,3,6,5,6,5,0.555555556,0,1912.854031,6
BA21364-IK'DT-2127,2127,MD,2,24,E31,TZEEIOR 486 X TZEEIOR  9 A,48,49,1,136.2,61.4,4,6,5,6,5,0.722222222,1.214436251,1549.455338,6
BA21364-IK'DT-2128,2128,MD,2,24,E17,TZEEIOR 542 TZEEIOR  9 A ,50,50,0,139.4,60,5,6,5,6,5,0.666666667,1.53571597,1941.176471,5
BA21364-IK'DT-2129,2129,MD,2,24,E92,TZEEIOR 205 X TZEEIOR 249 ,52,54,2,142.4,77,3,5,5,5,5,0.777777778,1.184285738,2123.311547,5
BA21364-IK'DT-2130,2130,MD,2,24,E139,TZEEIOR 486 X TZEEIOR 197,53,54,1,154.2,74.8,2,6,5,6,5,0.555555556,1.041392685,1532.026144,5
BA21364-IK'DT-2131,2131,MD,2,24,E137,TZEEIOR 349 XTZEEIOR 197,52,53,1,155.4,75,3,6,5,6,5,0.647058824,1.003930294,1921.568627,6
BA21364-IK'DT-2132,2132,MD,2,24,E128,TZEEIOR 205 X TZEEIOR 197 ,52,54,2,170.8,86.6,3,5,5,5,5,0.777777778,0,2295.424837,5
BA21364-IK'DT-2133,2133,MD,2,24,E117,TZEEIOR 515 X TZEEIOR 197 ,51,52,1,162.2,76.6,2,6,6,6,6,0.555555556,1.041392685,1573.899782,6
BA21364-IK'DT-2134,2134,MD,2,24,E90,TZEEIOR 500 X TZEEIOR 249,46,45,1,172,83,3,3,3,3,3,1,0,4669.281046,5
BA21364-IK'DT-2135,2135,MD,2,24,E116,TZEEIOR 290 X TZEEIOR 197,49,50,1,170.2,80.8,3,5,4,5,4,0.944444444,0,2744.095861,5
BA21364-IK'DT-2136,2136,MD,2,24,E127,TZEEIOR 202 X TZEEIOR 197,51,52,1,176.6,79.8,3,6,5,6,5,0.777777778,1.350801612,2099.346405,4
BA21364-IK'DT-2137,2137,MD,2,24,E159,TZEEIOR 540 X TZEEIOR 30,49,49,0,170.8,77.4,2,3,3,3,3,1.066666667,1.2955671,4165.141612,5
BA21364-IK'DT-2138,2138,MD,2,24,E47,TZEEIOR 479 X TZEEIOR 97,48,48,0,172,91.2,3,4,4,4,4,0.9375,1.156347201,3663.398693,5
BA21364-IK'DT-2139,2139,MD,2,24,E189,TZEEIOR 197 X TZEEIOR 249,50,51,1,164,77.6,4,5,5,5,5,0.888888889,1.130333768,2455.555556,5
BA21364-IK'DT-2140,2140,MD,2,24,E115,TZEEIOR 365 X TZEEIOR 197,50,52,2,150,77.4,2,6,5,6,5,0.777777778,0,2111.328976,6
BA21364-IK'DT-2141,2141,MD,2,25,E20,TZEEIOR 205 X TZEEIOR  9 A ,50,52,2,149.6,84.6,5,6,5,6,5,0.722222222,1.214436251,1554.684096,7
BA21364-IK'DT-2142,2142,MD,2,25,E65,TZEEIOR 349 XTZEEIOR 97,52,53,1,151.6,83.6,5,6,5,6,5,0.555555556,1.322219295,1917.211329,6
BA21364-IK'DT-2143,2143,MD,2,25,E131,TZEEIOR 41 X TZEEEIOR 197,50,52,2,163.4,67,2,5,5,5,5,0.722222222,0,2266.666667,6
BA21364-IK'DT-2144,2144,MD,2,25,E12,TZEEIOR 513 X TZEEIOR  9 A,48,48,0,145.2,70.4,3,5,5,5,5,0.888888889,0.860338007,1971.67756,7
BA21364-IK'DT-2145,2145,MD,2,25,E114,TZEEIOR 289 X TZEEIOR 197,49,49,0,161.2,80.4,3,4,4,4,4,1,0,3266.666667,5
BA21364-IK'DT-2146,2146,MD,2,25,E61,TZEEIOR 209 X TZEEIOR 97,53,54,1,173.6,97,5,5,5,5,5,0.777777778,1.184285738,2147.276688,6
BA21364-IK'DT-2147,2147,MD,2,25,E75,TZEEIOR 314 X TZEEIOR 249,45,45,0,162.4,70.4,5,4,3,4,3,0.944444444,0,3917.211329,5
BA21364-IK'DT-2148,2148,MD,2,25,E160,TZEEIOR 548 X TZEEIOR 30,53,54,1,142,62.2,2,6,5,6,5,0.722222222,0,1745.098039,6
BA21364-IK'DT-2149,2149,MD,2,25,E195,CHECK 5 - TZEEIOR 12 x TZEEIOR 223,51,52,1,151.6,79.8,3,3,5,3,5,0.611111111,0,1912.854031,5
BA21364-IK'DT-2150,2150,MD,2,25,E170,TZEEIOR 209 X TZEEIOR 30,53,54,1,151,69.8,3,6,5,6,5,0.888888889,0.860338007,1869.281046,4
BA21364-IK'DT-2151,2151,MD,2,25,E53,TZEEIOR 542 TZEEIOR 97 ,53,53,0,144,76.8,5,5,5,5,5,0.611111111,0,2435.729847,5
BA21364-IK'DT-2152,2152,MD,2,25,E118,TZEEIOR 458 X TZEEIOR 197,48,48,0,173.4,75.6,2,3,4,3,4,0.888888889,0,3655.119826,4
BA21364-IK'DT-2153,2153,MD,2,25,E152,TZEEIOR 305  X TZEEIOR 30,51,51,0,152.8,76.2,1,6,5,6,5,0.777777778,0,2295.424837,7
BA21364-IK'DT-2154,2154,MD,2,25,E171,TZEEIOR 221 X TZEEIOR 30 ,51,52,1,161.2,77.4,3,6,5,6,5,0.5,1.083183988,1749.019608,6
BA21364-IK'DT-2155,2155,MD,2,26,E95,TZEEIOR 41 X TZEEEIOR 249,51,53,2,162.4,76,2,6,6,6,6,0.5,1.083183988,769.4989107,6
BA21364-IK'DT-2156,2156,MD,2,26,E167,TZEEIOR 28 X TZEEIOR 30,54,56,2,151,61.2,5,7,7,7,7,0.166666667,0,572.5490196,7
BA21364-IK'DT-2157,2157,MD,2,26,E26,TZEEIOR 221 X TZEEIOR  9 A ,52,54,2,135,68,4,7,6,7,6,0.444444444,0,579.0849673,7
BA21364-IK'DT-2158,2158,MD,2,26,E27,TZEEIOR 142 X TZEEIOR  9 A,49,50,1,155.2,72.2,4,4,4,4,4,0.888888889,1.130333768,2329.411765,5
BA21364-IK'DT-2159,2159,MD,2,26,E69,TZEEIOR 525 X TZEEIOR 97,53,54,1,129.6,67.2,5,7,6,7,6,0.529411765,0,1152.941176,7
BA21364-IK'DT-2160,2160,MD,2,26,E16,TZEEIOR 523 X TZEEIOR  9 A,49,50,1,128.2,60,4,5,6,5,6,0.833333333,0,1176.470588,6
BA21364-IK'DT-2161,2161,MD,2,26,E44,TZEEIOR 290 X TZEEIOR 97,52,53,1,149.2,70.4,5,5,6,5,6,0.823529412,1.184285738,1729.411765,6
BA21364-IK'DT-2162,2162,MD,2,26,E51,TZEEIOR 548 X TZEEIOR 97,53,54,1,147.6,78,3,7,6,7,6,0.555555556,1.322219295,1150.326797,6
BA21364-IK'DT-2163,2163,MD,2,26,E165,TZEEIOR 205 X TZEEIOR 30 ,50,51,1,164.6,92.6,2,5,5,5,5,0.764705882,0,2111.328976,6
BA21364-IK'DT-2164,2164,MD,2,26,E66,TZEEIOR 536 X TZEEIOR 97,50,50,0,158.6,99.2,3,5,5,5,5,0.777777778,1.184285738,2140.087146,6
BA21364-IK'DT-2165,2165,MD,2,26,E13,TZEEIOR 509 X TZEEIOR  9 A,49,49,0,149.2,85.2,5,5,6,5,6,0.722222222,0.939135091,1756.862745,8
BA21364-IK'DT-2166,2166,MD,2,26,E8,TZEEIOR 290 X TZEEIOR  9 A,50,51,1,148.2,77.6,5,6,6,6,6,0.722222222,1.381600985,1372.54902,6
BA21364-IK'DT-2167,2167,MD,2,26,E42,TZEEIOR 289 X TZEEIOR 97,50,49,1,168.4,84.4,5,4,4,4,4,0.944444444,1.270610341,3314.814815,3
BA21364-IK'DT-2168,2168,MD,2,26,E86,TZEEIOR 540 X TZEEIOR 249,47,47,0,196.6,91.6,5,,4,,4,1,1.083183988,3123.311547,5
BA21364-IK'DT-2169,2169,MD,2,27,E163,TZEEIOR 500 X TZEEIOR 30,47,47,0,164,79,5,3,4,3,4,1,0,3337.037037,5
BA21364-IK'DT-2170,2170,MD,2,27,E166,TZEEIOR 24 X TZEEIOR 30 ,53,54,1,166.4,72.6,5,6,6,6,6,0.277777778,0,775.5991285,6
BA21364-IK'DT-2171,2171,MD,2,27,E125,TZEEIOR 542 TZEEIOR 197 ,50,50,0,187.2,87.4,3,4,4,4,4,1,0,3494.117647,5
BA21364-IK'DT-2172,2172,MD,2,27,E126,TZEEIOR 500 X TZEEIOR 197,47,47,0,177.2,87.6,3,4,5,4,5,0.666666667,0,2711.546841,5
BA21364-IK'DT-2173,2173,MD,2,27,E108,TZEEIOR 305 X TZEEIOR 249,47,47,0,163.2,71.2,4,4,4,4,4,1,0,3303.703704,5
BA21364-IK'DT-2174,2174,MD,2,27,E161,TZEEIOR 523 X TZEEIOR 30,48,48,0,167.6,79.8,3,4,5,4,5,1,0,3091.938998,5
BA21364-IK'DT-2175,2175,MD,2,27,E38,TZEEIOR 321 X TZEEIOR 97,50,50,0,160,88.4,5,6,5,6,5,0.611111111,0,1936.819172,5
BA21364-IK'DT-2176,2176,MD,2,27,E68,TZEEIOR 526 X TZEEIOR 97,50,49,1,164.2,83.6,4,4,4,4,4,0.666666667,0,3105.882353,6
BA21364-IK'DT-2177,2177,MD,2,27,E19,TZEEIOR 202 X TZEEIOR  9 A,50,50,0,174.4,81.8,3,4,4,4,4,1,0,2738.997821,4
BA21364-IK'DT-2178,2178,MD,2,27,E109,TZEEIOR 346 X TZEEIOR 197,50,50,0,165.6,78.2,3,3,4,3,4,0.777777778,0,2908.496732,4
BA21364-IK'DT-2179,2179,MD,2,27,E81,TZEEIOR 515 X TZEEIOR 249 ,48,48,0,175,77.4,4,4,5,4,5,0.777777778,0,2915.03268,5
BA21364-IK'DT-2180,2180,MD,2,27,E22,TZEEIOR 28 X TZEEIOR  9 A,48,48,0,159.2,71.6,5,4,4,4,4,0.944444444,1.270610341,3140.740741,4
BA21364-IK'DT-2181,2181,MD,2,27,E1,TZEEIOR 346 X TZEEIOR  9 A,49,49,0,143.6,74,3,5,5,5,5,0.888888889,1.130333768,2543.35512,5
BA21364-IK'DT-2182,2182,MD,2,27,E104,TZEEIOR 526 X TZEEIOR 249,50,50,0,140,64.4,2,5,5,5,5,0.833333333,0,2132.897603,4
BA21364-IK'DT-2183,2183,MD,2,28,E105,TZEEIOR 525 X TZEEIOR 249,51,51,0,129.2,66.2,5,6,5,6,5,0.588235294,0,1552.941176,5
BA21364-IK'DT-2184,2184,MD,2,28,E85,TZEEIOR 509 X TZEEIOR 249,48,48,0,151.8,72.8,5,5,6,5,6,0.833333333,0,2492.374728,6
BA21364-IK'DT-2185,2185,MD,2,28,E178,TZEEIOR 525 X TZEEIOR 30,48,48,0,160.2,63.8,3,4,4,4,4,1,0,4414.59695,3
BA21364-IK'DT-2186,2186,MD,2,28,E58,TZEEIOR 28 X TZEEIOR 97,53,54,1,181.6,82.8,3,5,5,5,5,0.444444444,1.414973348,1703.921569,5
BA21364-IK'DT-2187,2187,MD,2,28,E135,TZEEIOR 142 X TZEEIOR 197,50,50,0,190,87.6,2,3,3,3,3,1,1.459057255,3795.206972,3
BA21364-IK'DT-2188,2188,MD,2,28,E110,TZEEIOR 321 X TZEEIOR 197,48,48,0,179,88,2,3,3,3,3,1,1.459057255,4053.594771,4
BA21364-IK'DT-2189,2189,MD,2,28,E192,CHECK 2 - TZEEI 79 x TZEEI 82,44,44,0,182.8,85.2,3,3,4,3,4,1,1.53571597,3899.782135,7
BA21364-IK'DT-2190,2190,MD,2,28,E145,TZEEIOR 346 X TZEEIOR 30,52,52,0,149.2,66,2,5,6,5,6,0.722222222,1.502006699,1921.568627,4
BA21364-IK'DT-2191,2191,MD,2,28,E173,TZEEIOR 381 X TZEEIOR 30,52,52,0,159.2,77.4,2,4,5,4,5,0.611111111,0,2486.71024,4
BA21364-IK'DT-2192,2192,MD,2,28,E74,TZEEIOR 321 X TZEEIOR 249,50,50,0,157.4,66,3,4,5,4,5,0.944444444,1.270610341,2321.568627,3
BA21364-IK'DT-2193,2193,MD,2,28,E91,TZEEIOR 202 X TZEEIOR 249,53,54,1,175.8,79.4,3,4,5,4,5,0.611111111,0,1904.139434,3
BA21364-IK'DT-2194,2194,MD,2,28,E179,TZEEIOR 510 X TZEEIOR 30,52,53,1,159.4,72.6,1,4,4,4,4,0.833333333,1.322219295,2888.888889,3
BA21364-IK'DT-2195,2195,MD,2,28,E18,TZEEIOR 500 X TZEEIOR  9 A,48,48,0,139.6,68.8,5,4,5,4,5,0.777777778,1.350801612,2149.673203,7
BA21364-IK'DT-2196,2196,MD,2,28,E151,TZEEIOR 365 X TZEEIOR 30,52,52,0,146,74.2,3,4,5,4,5,0.611111111,0,1932.461874,6
