PlotName,plot,ENV,Rep,Blk,Entry,Pedigree,DP,DS,ASI,PHT,EHT,HCV,PASP,EASP,RL,SL,EPP,EAROT,GY,STGC,Turcicum 10 WAP
BA21365-IK'DT-1001,1001,MD,1,1,E129,TZEEIOR 529,46,45,1,132.2,42.8,2,4,4,0,0,1.055555556,0,1342.04793,5,
BA21365-IK'DT-1002,1002,MD,1,1,E59,TZEEIOR 383,50,50,0,112.4,49.8,3,5,5,0,0,0.470588235,0,776.4705882,5,
BA21365-IK'DT-1003,1003,MD,1,1,E132,TZEEIOR 538,46,44,2,130.2,41.6,5,6,5,0,0,1.055555556,0,761.6557734,6,
BA21365-IK'DT-1004,1004,MD,1,1,E52,TZEEIOR 373,50,51,1,107.8,55,3,4,4,0,0,0.833333333,0,1151.633987,4,
BA21365-IK'DT-1005,1005,MD,1,1,E103,TZEEIOR 470,56,56,0,106,50.2,5,6,5,0,0,0.666666667,0,758.1699346,7,
BA21365-IK'DT-1006,1006,MD,1,1,E205,Check 1 -TZdEEI 4                 ,51,52,1,104,42.8,4,4,5,0,0,0.944444444,0,958.6056645,4,
BA21365-IK'DT-1007,1007,MD,1,1,E166,TZEEIOR 145,56,57,1,88.8,34.2,5,6,5,0,0,0.5,0,582.3529412,6,
BA21365-IK'DT-1008,1008,MD,1,1,E188,TZEEIOR 202,56,58,2,131.2,53.8,2,6,6,0,0,0.5,0,192.1568627,4,
BA21365-IK'DT-1009,1009,MD,1,1,E44,TZEEIOR 356,52,52,0,110.4,46.2,3,2,4,0,0,1.111111111,0,1316.122004,3,
BA21365-IK'DT-1010,1010,MD,1,1,E6,TZEEIOR 284,56,54,2,102.6,43.6,5,4,4,0,0,0.9375,6.666666667,769.4989107,4,
BA21365-IK'DT-1011,1011,MD,1,1,E5,TZEEIOR 283,52,51,1,104.6,56.8,2,3,4,0,0,1.466666667,0,1183.006536,4,
BA21365-IK'DT-1012,1012,MD,1,1,E10,TZEEIOR 290,54,54,0,104,39.4,3,3,3,0,0,1,0,1573.856209,3,
BA21365-IK'DT-1013,1013,MD,1,1,E193,TZEEIOR 486,56,56,0,94.2,39.2,1,6,4,0,0,0.666666667,0,940.087146,4,
BA21365-IK'DT-1014,1014,MD,1,1,E177,TZEEIOR 31,57,57,0,91.6,53.6,3,5,5,0,0,1.111111111,0,944.4444444,4,
BA21365-IK'DT-1015,1015,MD,1,1,E27,TZEEIOR 322,57,57,0,88.4,36.4,4,6,6,0,0,0.555555556,0,580.3921569,6,
BA21365-IK'DT-1016,1016,MD,1,2,E33,TZEEIOR 334,50,50,0,127.2,51.4,3,4,2,0,0,1.375,0,2152.069717,3,
BA21365-IK'DT-1017,1017,MD,1,2,E142,TZEEIOR 42,58,58,0,124.4,54.2,1,6,6,0,0,0.625,0,185.83878,5,
BA21365-IK'DT-1018,1018,MD,1,2,E130,TZEEIOR 535,54,54,0,128.8,65,1,3,3,0,33.33333333,1.333333333,12.5,2065.795207,6,
BA21365-IK'DT-1019,1019,MD,1,2,E40,TZEEIOR 346,49,48,1,105,50.8,5,4,4,0,17.64705882,0.941176471,0,1367.973856,6,
BA21365-IK'DT-1020,1020,MD,1,2,E24,TZEEIOR 313,50,50,0,115.8,46.2,5,4,5,0,0,0.888888889,25,1173.856209,5,
BA21365-IK'DT-1021,1021,MD,1,2,E106,TZEEIOR 477,46,45,1,120.4,42.6,3,3,3,0,44.44444444,1.166666667,0,1962.962963,5,
BA21365-IK'DT-1022,1022,MD,1,2,E184,TZEEIOR 104,50,48,2,139.4,65,3,3,3,0,0,1.125,0,1363.398693,4,
BA21365-IK'DT-1023,1023,MD,1,2,E76,TZEEIOR 406,53,52,1,123.6,71.4,3,4,4,0,33.33333333,1.277777778,17.39130435,1960.784314,5,
BA21365-IK'DT-1024,1024,MD,1,2,E19,TZEEIOR 304,50,48,2,123,62.6,4,5,4,0,22.22222222,1,5.555555556,1566.884532,6,
BA21365-IK'DT-1025,1025,MD,1,2,E167,TZEEIOR 32,54,54,0,113.2,56.2,1,3,5,0,0,0.833333333,20,955.3376906,3,
BA21365-IK'DT-1026,1026,MD,1,2,E88,TZEEIOR 434,48,48,0,97.8,36.8,5,6,5,0,0,1.166666667,4.761904762,1387.799564,6,
BA21365-IK'DT-1027,1027,MD,1,2,E102,TZEEIOR 469,53,53,0,120,57.4,2,5,2,0,0,1.111111111,0,1932.461874,6,
BA21365-IK'DT-1028,1028,MD,1,2,E127,TZEEIOR 527,46,46,0,144,63.2,2,4,3,0,50,0.833333333,13.33333333,1572.11329,7,
BA21365-IK'DT-1029,1029,MD,1,2,E12,TZEEIOR 292,53,53,0,97,53.6,5,5,5,0,0,0.875,0,1163.398693,6,
BA21365-IK'DT-1030,1030,MD,1,2,E138,TZEEIOR 547,51,50,1,132.2,62.6,5,4,4,0,22.22222222,1.111111111,5,1758.823529,5,
BA21365-IK'DT-1031,1031,MD,1,3,E95,TZEEIOR 453,50,49,1,130.2,53.6,3,4,4,0,16.66666667,0.888888889,0,1166.013072,7,
BA21365-IK'DT-1032,1032,MD,1,3,E210,Check 6 -TZdEEI 9                ,,,,,,3,,,,,,,,,
BA21365-IK'DT-1033,1033,MD,1,3,E25,TZEEIOR 314,52,52,0,101.4,41.6,5,6,3,0,11.11111111,0.666666667,0,577.7777778,6,
BA21365-IK'DT-1034,1034,MD,1,3,E36,TZEEIOR 340,51,51,0,98.6,35.8,3,6,5,0,0,0.352941176,0,378.6492375,7,
BA21365-IK'DT-1035,1035,MD,1,3,E198,TZEEIOR 142,57,57,0,95.4,48.4,3,7,6,0,0,0.833333333,0,568.627451,6,
BA21365-IK'DT-1036,1036,MD,1,3,E113,TZEEIOR 498,53,53,0,114.4,62.4,4,6,5,0,16.66666667,0.555555556,10,762.5272331,6,
BA21365-IK'DT-1037,1037,MD,1,3,E202,TZEEIOR 497,52,51,1,100.4,44,3,5,5,0,0,0.777777778,7.142857143,769.4989107,7,
BA21365-IK'DT-1038,1038,MD,1,3,E109,TZEEIOR 481,50,50,0,113.2,56.4,3,6,5,0,0,0.555555556,0,767.7559913,6,
BA21365-IK'DT-1039,1039,MD,1,3,E46,TZEEIOR 361,49,48,1,105.8,50,5,5,5,0,0,1.055555556,15.78947368,1387.799564,7,
BA21365-IK'DT-1040,1040,MD,1,3,E206, Check 2 -TZdEEI 2               ,55,54,1,120.4,54.2,3,4,5,0,0,1.125,11.11111111,575.1633987,5,
BA21365-IK'DT-1041,1041,MD,1,3,E7,TZEEIOR 287,50,48,2,100.6,52,5,5,3,0,0,0.833333333,0,1377.124183,3,
BA21365-IK'DT-1042,1042,MD,1,3,E93,TZEEIOR 447,50,50,0,124.4,69.6,3,5,3,0,0,1,0,1375.599129,8,
BA21365-IK'DT-1043,1043,MD,1,3,E41,TZEEIOR 350,48,48,0,114.2,37.6,3,5,5,0,0,1,38.88888889,983.6601307,8,
BA21365-IK'DT-1044,1044,MD,1,3,E70,TZEEIOR 398,49,47,2,103.4,50.6,5,5,4,0,0,1.055555556,10.52631579,1387.799564,6,
BA21365-IK'DT-1045,1045,MD,1,3,E131,TZEEIOR 537,46,45,1,115.4,51.8,4,5,5,0,0,0.777777778,0,770.3703704,7,
BA21365-IK'DT-1046,1046,MD,1,4,E136,TZEEIOR 543,52,51,1,104.8,49.8,3,5,4,0,0,0.888888889,12.5,1349.673203,5,
BA21365-IK'DT-1047,1047,MD,1,4,E194,TZEEIOR 536,56,57,1,71.6,40.8,5,8,7,0,0,0.166666667,0,191.2854031,7,
BA21365-IK'DT-1048,1048,MD,1,4,E47,TZEEIOR 365,57,57,0,75.4,37.6,5,7,6,0,0,0.444444444,0,385.620915,7,
BA21365-IK'DT-1049,1049,MD,1,4,E31,TZEEIOR 330,49,49,0,91.6,36,3,5,4,0,0,0.777777778,14.28571429,1173.856209,5,
BA21365-IK'DT-1050,1050,MD,1,4,E74,TZEEIOR 404,48,49,1,137.4,67.4,4,5,3,0,0,0.875,0,1762.745098,6,
BA21365-IK'DT-1051,1051,MD,1,4,E182,TZEEIOR 167,53,53,0,115.2,57.8,3,6,5,0,11.11111111,0.666666667,0,579.7385621,5,
BA21365-IK'DT-1052,1052,MD,1,4,E123,TZEEIOR 521,50,50,0,125.6,67.2,3,5,5,0,0,0.611111111,0,573.8562092,5,
BA21365-IK'DT-1053,1053,MD,1,4,E143,TZEEIOR 99,57,57,0,105.4,59.6,3,6,4,0,0,0.333333333,0,414.5969499,6,
BA21365-IK'DT-1054,1054,MD,1,4,E126,TZEEIOR 524,52,51,1,99.8,50.6,3,6,6,0,0,0.555555556,0,575.8169935,6,
BA21365-IK'DT-1055,1055,MD,1,4,E150,TZEEIOR 161,59,62,3,88,46.2,5,7,5,0,0,0.333333333,0,380.3921569,6,
BA21365-IK'DT-1056,1056,MD,1,4,E39,TZEEIOR 345,49,48,1,55,24,4,8,5,0,0,0.352941176,0,194.5533769,8,
BA21365-IK'DT-1057,1057,MD,1,4,E128,TZEEIOR 528,48,48,0,107,47.2,5,6,5,0,11.11111111,0.5,44.44444444,575.8169935,8,
BA21365-IK'DT-1058,1058,MD,1,4,E203,TZEEIOR 507,49,48,1,94.8,57,4,6,8,0,0,0.555555556,20,573.2026144,7,
BA21365-IK'DT-1059,1059,MD,1,4,E191,TZEEIOR 525,51,52,1,86.2,40,5,7,3,0,0,0.0625,0,0,8,
BA21365-IK'DT-1060,1060,MD,1,4,E108,TZEEIOR 479,47,45,2,104.2,48.2,2,5,5,0,0,0.777777778,0,770.3703704,6,
BA21365-IK'DT-1061,1061,MD,1,5,E30,TZEEIOR 329,51,51,0,85.2,39.4,5,6,4,0,0,0.444444444,62.5,377.3420479,6,
BA21365-IK'DT-1062,1062,MD,1,5,E62,TZEEIOR 388,53,52,1,95.8,49.4,4,6,4,0,0,0.470588235,0,956.4270153,6,
BA21365-IK'DT-1063,1063,MD,1,5,E161,TZEEIOR 38,56,55,1,99.2,54.8,5,6,4,0,0,0.705882353,25,960.7843137,5,
BA21365-IK'DT-1064,1064,MD,1,5,E208, Check 4 -TZEEI 95               ,,,,,,,,,,,,,,,
BA21365-IK'DT-1065,1065,MD,1,5,E111,TZEEIOR 493,57,56,1,89.2,53.4,4,7,5,0,0,0.5,33.33333333,750.3267974,7,
BA21365-IK'DT-1066,1066,MD,1,5,E196,TZEEIOR 349,57,57,0,69.2,35.8,8,9,7,0,0,0.111111111,100,199.7821351,9,
BA21365-IK'DT-1067,1067,MD,1,5,E153,TZEEI 58,54,56,2,122.6,59,3,7,6,0,0,0.222222222,0,383.8779956,6,
BA21365-IK'DT-1068,1068,MD,1,5,E192,TZEEIOR 526,50,49,1,75,36.2,3,8,6,0,11.11111111,0.444444444,0,389.9782135,8,
BA21365-IK'DT-1069,1069,MD,1,5,E160,TZEEIOR 109,54,56,2,85,48,5,6,9,0,0,0,0,0,7,
BA21365-IK'DT-1070,1070,MD,1,5,E83,TZEEIOR 422,50,50,0,122,56,2,5,5,0,0,0.611111111,27.27272727,985.620915,6,
BA21365-IK'DT-1071,1071,MD,1,5,E53,TZEEIOR 375,44,43,1,82,33.2,5,8,6,0,0,0.588235294,0,386.0566449,9,
BA21365-IK'DT-1072,1072,MD,1,5,E13,TZEEIOR 296,56,56,0,94.2,40.8,3,5,5,0,0,0.666666667,0,582.3529412,6,
BA21365-IK'DT-1073,1073,MD,1,5,E73,TZEEIOR 403,51,50,1,95,49.8,5,6,5,0,0,0.555555556,40,1001.481481,6,
BA21365-IK'DT-1074,1074,MD,1,5,E175,TZEEIOR 24,56,58,2,98.2,45,3,7,9,0,0,0.055555556,0,0,9,
BA21365-IK'DT-1075,1075,MD,1,5,E100,TZEEIOR 463,46,46,0,105.6,39.4,3,7,6,0,0,0.470588235,0,381.2636166,8,
BA21365-IK'DT-1076,1076,MD,1,6,E151,TZEEIOR 249,57,56,1,107,52,4,5,6,0,0,0.388888889,0,379.5206972,5,
BA21365-IK'DT-1077,1077,MD,1,6,E22,TZEEIOR 310,48,48,0,93.2,30.4,5,6,3,0,0,0.611111111,0,752.9411765,7,
BA21365-IK'DT-1078,1078,MD,1,6,E43,TZEEIOR 355,54,54,0,94.4,48.8,5,8,4,0,0,0.235294118,0,374.7276688,8,
BA21365-IK'DT-1079,1079,MD,1,6,E115,TZEEIOR 501,48,48,0,82.2,39.2,3,8,6,0,0,0.222222222,50,379.956427,8,
BA21365-IK'DT-1080,1080,MD,1,6,E181,TZEEIOR 45,55,56,1,132.2,60,3,6,4,0,0,0.333333333,0,581.6993464,6,
BA21365-IK'DT-1081,1081,MD,1,6,E79,TZEEIOR 413,50,50,0,96.2,41.4,5,8,6,0,0,0.166666667,0,377.3420479,8,
BA21365-IK'DT-1082,1082,MD,1,6,E92,TZEEIOR 445,50,50,0,109.2,50.4,3,6,4,0,0,0.666666667,25,1121.568627,7,
BA21365-IK'DT-1083,1083,MD,1,6,E119,TZEEIOR 509,48,47,1,104.2,62,5,5,4,0,0,0.611111111,27.27272727,770.3703704,6,
BA21365-IK'DT-1084,1084,MD,1,6,E137,TZEEIOR 545,48,47,1,130.8,63.2,5,3,4,0,0,1.055555556,0,1352.723312,5,
BA21365-IK'DT-1085,1085,MD,1,6,E91,TZEEIOR 444,50,50,0,122,70.8,2,5,3,0,0,0.833333333,13.33333333,956.4270153,7,
BA21365-IK'DT-1086,1086,MD,1,6,E96,TZEEIOR 458,49,48,1,111,58.6,3,4,2,0,44.44444444,1.055555556,0,1563.398693,6,
BA21365-IK'DT-1087,1087,MD,1,6,E60,TZEEIOR 384,50,48,2,106.4,52,5,6,5,0,11.11111111,0.555555556,60,589.5424837,6,
BA21365-IK'DT-1088,1088,MD,1,6,E67,TZEEIOR 395,54,53,1,92.2,54.2,4,6,6,0,0,0.333333333,50,568.627451,7,
BA21365-IK'DT-1089,1089,MD,1,6,E45,TZEEIOR 357,50,48,2,114.4,54.6,5,2,2,0,22.22222222,0.888888889,12.5,2345.098039,3,
BA21365-IK'DT-1090,1090,MD,1,6,E63,TZEEIOR 389,49,48,1,90.4,40,4,5,1,0,0,0.722222222,23.07692308,1160.784314,6,
BA21365-IK'DT-1091,1091,MD,1,7,E20,TZEEIOR 305,54,54,0,94.6,49.2,3,6,2,0,0,0.666666667,50,945.5337691,7,
BA21365-IK'DT-1092,1092,MD,1,7,E101,TZEEIOR 464,47,46,1,96.4,37.8,3,5,4,0,22.22222222,0.722222222,0,767.7559913,7,
BA21365-IK'DT-1093,1093,MD,1,7,E28,TZEEIOR 323,47,47,0,102.2,43,3,3,4,0,0,1,0,1596.514161,6,
BA21365-IK'DT-1094,1094,MD,1,7,E61,TZEEIOR 386,51,50,1,89.2,37.8,3,5,2,0,22.22222222,0.888888889,12.5,1411.764706,5,
BA21365-IK'DT-1095,1095,MD,1,7,E87,TZEEIOR 432,48,48,0,120.6,42,3,2,3,0,33.33333333,1.222222222,13.63636364,1825.969499,7,
BA21365-IK'DT-1096,1096,MD,1,7,E65,TZEEIOR 392,53,52,1,117.8,52,3,6,2,0,0,0.666666667,25,949.8910675,4,
BA21365-IK'DT-1097,1097,MD,1,7,E122,TZEEIOR 515,47,46,1,114.2,36.6,2,5,3,0,16.66666667,1,0,1384.749455,6,
BA21365-IK'DT-1098,1098,MD,1,7,E8,TZEEIOR 288,47,45,2,107.2,49,3,4,3,0,0,0.5,44.44444444,958.6056645,5,
BA21365-IK'DT-1099,1099,MD,1,7,E147,TZEEIOR 139,61,61,0,124.6,71.8,5,6,3,0,0,0.277777778,0,40.21786492,5,
BA21365-IK'DT-1100,1100,MD,1,7,E116,TZEEIOR 504,48,46,2,115,51,5,4,7,0,0,0.833333333,0,1579.084967,6,
BA21365-IK'DT-1101,1101,MD,1,7,E110,TZEEIOR 491,50,50,0,102.2,42.2,1,5,2,0,0,1,0,1125.490196,6,
BA21365-IK'DT-1102,1102,MD,1,7,E169,TZEEIOR 113,56,55,1,118,48,2,6,3,0,0,0.555555556,0,560.7843137,4,
BA21365-IK'DT-1103,1103,MD,1,7,E158,TZEEI 81,53,55,2,110,54.2,3,6,5,0,0,0.352941176,0,568.627451,4,
BA21365-IK'DT-1104,1104,MD,1,7,E125,TZEEIOR 523,50,50,0,118.6,69.6,2,3,5,0,22.22222222,1.277777778,8.695652174,1719.607843,4,
BA21365-IK'DT-1105,1105,MD,1,7,E4,TZEEIOR 282,50,50,0,97,43,3,3,2,0,0,0.888888889,31.25,1363.398693,6,
BA21365-IK'DT-1106,1106,MD,1,8,E168,TZEEIOR 53,55,56,1,105.6,60,3,3,3,0,0,0.666666667,0,943.3551198,5,
BA21365-IK'DT-1107,1107,MD,1,8,E165,TZEEIOR 35,55,53,2,112.8,57,3,6,2,0,0,0.529411765,22.22222222,772.1132898,5,
BA21365-IK'DT-1108,1108,MD,1,8,E97,TZEEIOR 460,50,50,0,101,50,2,5,4,0,0,1,11.11111111,1172.54902,6,
BA21365-IK'DT-1109,1109,MD,1,8,E71,TZEEIOR 399,53,53,0,124,62.2,3,6,4,0,0,0.555555556,50,1143.79085,7,
BA21365-IK'DT-1110,1110,MD,1,8,E26,TZEEIOR 321,50,49,1,108.6,56,4,5,3,0,0,0.555555556,20,973.1590414,7,
BA21365-IK'DT-1111,1111,MD,1,8,E152,TZdEEI 13,51,51,0,94.2,36.2,5,7,3,0,11.11111111,0.611111111,0,750.3267974,7,
BA21365-IK'DT-1112,1112,MD,1,8,E84,TZEEIOR 424,48,48,0,106,42.2,2,7,4,0,0,0.388888889,0,576.4705882,7,
BA21365-IK'DT-1113,1113,MD,1,8,E140,TZEEIOR 550,55,55,0,81.6,32,3,6,4,0,0,0.555555556,10,760.7843137,6,
BA21365-IK'DT-1114,1114,MD,1,8,E199,TZEEIOR 41,58,61,3,112.6,52.4,2,6,9,,,,0,0,6,
BA21365-IK'DT-1115,1115,MD,1,8,E135,TZEEIOR 542,51,51,0,138.4,72,5,4,5,0,0,0.588235294,0,0,,
BA21365-IK'DT-1116,1116,MD,1,8,E139,TZEEIOR 548,53,53,0,90.4,41.2,5,6,5,0,0,0.777777778,28.57142857,936.8191721,5,
BA21365-IK'DT-1117,1117,MD,1,8,E32,TZEEIOR 333,52,51,1,94.2,44.8,4,6,5,0,0,0.777777778,42.85714286,945.5337691,6,
BA21365-IK'DT-1118,1118,MD,1,8,E178,TZEEIOR 10,56,56,0,118.2,60.6,3,6,5,0,0,0.529411765,33.33333333,745.0980392,5,
BA21365-IK'DT-1119,1119,MD,1,8,E50,TZEEIOR 368,50,48,2,86.4,36,2,6,5,0,0,0.5,11.11111111,564.0522876,7,
BA21365-IK'DT-1120,1120,MD,1,8,E179,TZEEIOR 85,54,54,0,114.6,58.6,3,5,4,0,0,0.875,14.28571429,1130.718954,4,
BA21365-IK'DT-1121,1121,MD,1,9,E48,TZEEIOR 366,49,48,1,104.4,47.8,5,5,3,0,0,1,41.17647059,1346.623094,4,
BA21365-IK'DT-1122,1122,MD,1,9,E197,TZEEIOR 381,53,52,1,99.2,56.4,3,4,3,0,0,0.647058824,18.18181818,945.5337691,7,
BA21365-IK'DT-1123,1123,MD,1,9,E29,TZEEIOR 324,48,48,0,116.4,37,3,5,4,0,0,1,0,1389.324619,3,
BA21365-IK'DT-1124,1124,MD,1,9,E3,TZEEIOR 281,51,50,1,112.8,52.8,3,6,4,0,0,0.833333333,13.33333333,1172.54902,6,
BA21365-IK'DT-1125,1125,MD,1,9,E163,TZEEIOR 29,55,56,1,112.6,61,3,6,6,0,0,0.4,16.66666667,386.0566449,7,
BA21365-IK'DT-1126,1126,MD,1,9,E66,TZEEIOR 394,53,53,0,85.4,43.6,2,5,4,0,0,0.722222222,30.76923077,1121.568627,7,
BA21365-IK'DT-1127,1127,MD,1,9,E164,TZEEIOR 126,54,53,1,95.8,41.2,3,4,3,0,22.22222222,1.5,0,1982.570806,4,
BA21365-IK'DT-1128,1128,MD,1,9,E57,TZEEIOR 379,52,52,0,93.8,37.6,4,4,4,0,0,1,31.25,1372.54902,4,
BA21365-IK'DT-1129,1129,MD,1,9,E34,TZEEIOR 335,53,52,1,108,48,4,6,4,0,0,0.888888889,25,1393.899782,6,
BA21365-IK'DT-1130,1130,MD,1,9,E9,TZEEIOR 289,53,53,0,97.4,43,3,4,4,0,0,0.823529412,14.28571429,1173.856209,6,
BA21365-IK'DT-1131,1131,MD,1,9,E185,TZEEIOR 221,53,54,1,135.8,81,1,6,5,0,0,0.944444444,23.52941176,941.1764706,4,
BA21365-IK'DT-1132,1132,MD,1,9,E155,TZEEI 64,48,48,0,111,51,2,5,5,0,0,0.833333333,0,964.0522876,6,
BA21365-IK'DT-1133,1133,MD,1,9,E195,TZEEIOR 510,54,54,0,115.2,60.6,3,3,4,0,0,1,22.22222222,1360.348584,5,
BA21365-IK'DT-1134,1134,MD,1,9,E176,TZEEIOR 203,56,56,0,111.8,49.4,2,5,5,0,0,1.5,0,959.6949891,3,
BA21365-IK'DT-1135,1135,MD,1,9,E99,TZEEIOR 462,46,47,1,110,34.4,3,6,5,0,0,1,16.66666667,1175.163399,6,
BA21365-IK'DT-1136,1136,MD,1,10,E11,TZEEIOR 291,55,54,1,94,47.6,3,6,5,0,0,0.777777778,21.42857143,948.8017429,6,
BA21365-IK'DT-1137,1137,MD,1,10,E171,TZEEIOR 5,52,52,0,92.2,40.6,4,4,5,0,0,0.666666667,16.66666667,562.745098,6,
BA21365-IK'DT-1138,1138,MD,1,10,E183,TZEEIOR 108,52,53,1,111.6,51.6,3,4,4,0,0,0.888888889,0,1363.398693,4,
BA21365-IK'DT-1139,1139,MD,1,10,E54,TZEEIOR 376,45,44,1,122.4,56.6,3,6,3,0,11.11111111,1.055555556,36.84210526,1973.856209,6,
BA21365-IK'DT-1140,1140,MD,1,10,E118,TZEEIOR 508,49,49,0,108.6,58.4,3,5,3,0,0,0.611111111,27.27272727,941.1764706,7,
BA21365-IK'DT-1141,1141,MD,1,10,E2,TZEEIOR 280,47,46,1,126.2,51.4,3,8,2,0,0,1.117647059,0,1754.901961,7,
BA21365-IK'DT-1142,1142,MD,1,10,E141,TZEEIOR 11,53,53,0,125.6,63.4,3,3,4,0,0,0.888888889,18.75,1532.026144,4,
BA21365-IK'DT-1143,1143,MD,1,10,E23,TZEEIOR 311,48,47,1,118,50.6,3,6,5,0,0,0.611111111,36.36363636,773.8562092,5,
BA21365-IK'DT-1144,1144,MD,1,10,E37,TZEEIOR 343,53,54,1,91.2,35.4,1,5,4,0,0,0.625,30,567.9738562,7,
BA21365-IK'DT-1145,1145,MD,1,10,E180,TZEEIOR 197,54,54,0,139.8,59.8,3,4,4,0,0,1,0,1556.427015,5,
BA21365-IK'DT-1146,1146,MD,1,10,E86,TZEEIOR 427,53,53,0,113.4,56.8,3,6,4,0,0,0.722222222,46.15384615,938.9978214,6,
BA21365-IK'DT-1147,1147,MD,1,10,E51,TZEEIOR 371,53,51,2,101.8,43.4,3,5,6,0,0,0.666666667,25,767.7559913,7,
BA21365-IK'DT-1148,1148,MD,1,10,E189,TZEEIOR 205,57,58,1,111.2,64.8,7,5,6,0,0,0.647058824,18.18181818,582.3529412,4,
BA21365-IK'DT-1149,1149,MD,1,10,E58,TZEEIOR 380,52,51,1,83.8,36.6,3,6,6,0,0,0.538461538,57.14285714,757.2984749,5,
BA21365-IK'DT-1150,1150,MD,1,10,E172,TZEEIOR 100,60,60,0,93.2,49.2,3,5,6,0,0,0.555555556,0,379.5206972,6,
BA21365-IK'DT-1151,1151,MD,1,11,E17,TZEEIOR 301,57,56,1,98,51.4,5,5,4,0,0,0.833333333,33.33333333,1180.392157,6,
BA21365-IK'DT-1152,1152,MD,1,11,E42,TZEEIOR 352,56,54,2,74,39.2,3,5,5,0,0,0.555555556,60,754.6840959,7,
BA21365-IK'DT-1153,1153,MD,1,11,E1,TZEEIOR 279,56,56,0,95.6,54.4,3,6,6,0,0,0.388888889,42.85714286,575.8169935,7,
BA21365-IK'DT-1154,1154,MD,1,11,E82,TZEEIOR 421,60,61,1,97.6,47.6,3,6,6,0,0,0.444444444,25,571.2418301,5,
BA21365-IK'DT-1155,1155,MD,1,11,E157,TZEEI 76,52,52,0,105.6,47.6,3,5,5,0,0,0.666666667,25,767.7559913,5,
BA21365-IK'DT-1156,1156,MD,1,11,E190,TZEEIOR 209,57,57,0,114.4,55.4,2,6,4,0,0,0.611111111,18.18181818,754.6840959,5,
BA21365-IK'DT-1157,1157,MD,1,11,E77,TZEEIOR 407,54,54,0,86.2,46.2,3,5,4,0,0,0.888888889,12.5,959.6949891,7,
BA21365-IK'DT-1158,1158,MD,1,11,E55,TZEEIOR 377,52,51,1,101.2,39.8,3,5,4,0,0,0.888888889,0,1176.470588,5,
BA21365-IK'DT-1159,1159,MD,1,11,E162,TZEEIOR 91,56,56,0,102.8,62.2,2,5,4,0,0,0.833333333,0,941.1764706,6,
BA21365-IK'DT-1160,1160,MD,1,11,E148,TZEEIOR 140,54,54,0,109.6,54.2,3,6,4,0,0,1.055555556,15.78947368,1139.869281,6,
BA21365-IK'DT-1161,1161,MD,1,11,E107,TZEEIOR 478,49,49,0,80.6,33.8,3,6,5,0,11.11111111,0.777777778,21.42857143,771.2418301,8,
BA21365-IK'DT-1162,1162,MD,1,11,E121,TZEEIOR 514,50,50,0,92.2,43.2,3,5,4,0,16.66666667,0.888888889,31.25,1154.248366,8,
BA21365-IK'DT-1163,1163,MD,1,11,E146,TZEEIOR 125,53,54,1,122.4,61.6,3,6,6,0,0,1,11.11111111,750.3267974,6,
BA21365-IK'DT-1164,1164,MD,1,11,E170,TZEEIOR 76,55,56,1,132.2,66.4,5,5,6,0,0,0.333333333,0,379.5206972,7,
BA21365-IK'DT-1165,1165,MD,1,11,E35,TZEEIOR 336,49,48,1,118.4,53,3,6,4,0,0,0.888888889,25,1606.971678,6,
BA21365-IK'DT-1166,1166,MD,1,12,E133,TZEEIOR 539,46,45,1,86.6,31,3,5,5,0,0,0.888888889,12.5,576.4705882,7,
BA21365-IK'DT-1167,1167,MD,1,12,E72,TZEEIOR 400,48,46,2,103,46.4,7,7,2,0,11.11111111,1.055555556,15.78947368,1923.747277,3,
BA21365-IK'DT-1168,1168,MD,1,12,E156,TZEEI 68,,,,,,,,,,,,,,,
BA21365-IK'DT-1169,1169,MD,1,12,E15,TZEEIOR 299,52,52,0,82.2,35.2,7,7,6,0,0,0.166666667,0,386.0566449,8,
BA21365-IK'DT-1170,1170,MD,1,12,E144,TZEEIOR 102,56,57,1,89.2,47.6,3,5,6,0,0,0.388888889,0,380.3921569,6,
BA21365-IK'DT-1171,1171,MD,1,12,E85,TZEEIOR 426,54,55,1,95.4,46,4,4,6,0,0,0.388888889,14.28571429,388.2352941,7,
BA21365-IK'DT-1172,1172,MD,1,12,E89,TZEEIOR 437,50,50,0,99,42.6,3,4,5,0,11.11111111,1,33.33333333,1593.028322,6,
BA21365-IK'DT-1173,1173,MD,1,12,E38,TZEEIOR 344,48,47,1,104.4,43.8,3,6,3,0,0,1.055555556,15.78947368,1919.389978,5,
BA21365-IK'DT-1174,1174,MD,1,12,E98,TZEEIOR 461,47,48,1,111.8,36.6,2,6,4,0,0,0.944444444,5.882352941,1150.326797,5,
BA21365-IK'DT-1175,1175,MD,1,12,E16,TZEEIOR 300,49,47,2,94,41.2,4,5,5,0,11.76470588,0.882352941,20,966.2309368,4,
BA21365-IK'DT-1176,1176,MD,1,12,E80,TZEEIOR 415,48,49,1,110.8,48.2,5,5,5,0,22.22222222,0.666666667,0,651.1111111,6,
BA21365-IK'DT-1177,1177,MD,1,12,E68,TZEEIOR 396,56,56,0,93.2,50.8,3,5,5,0,0,0.5,0,758.1699346,5,
BA21365-IK'DT-1178,1178,MD,1,12,E207,Check 3 -TZdEEI 12              ,52,53,1,101.2,44.2,4,5,5,0,0,0.666666667,16.66666667,957.5163399,6,
BA21365-IK'DT-1179,1179,MD,1,12,E117,TZEEIOR 505,53,52,1,99.8,49.4,3,4,5,0,0,0.722222222,0,767.7559913,6,
BA21365-IK'DT-1180,1180,MD,1,12,E75,TZEEIOR 405,51,50,1,118.4,62.2,3,6,3,0,22.22222222,1.111111111,0,2070.588235,4,
BA21365-IK'DT-1181,1181,MD,1,13,E78,TZEEIOR 412,49,49,0,104.4,40.4,3,4,5,0,0,0.944444444,11.76470588,1377.124183,5,
BA21365-IK'DT-1182,1182,MD,1,13,E149,TZEEIOR 146,60,61,1,85.6,43.4,5,4,7,0,0,0.666666667,0,192.3747277,4,
BA21365-IK'DT-1183,1183,MD,1,13,E154,TZEEI 63,52,53,1,111,39.4,1,4,4,0,0,0.625,0,952.0697168,3,
BA21365-IK'DT-1184,1184,MD,1,13,E120,TZEEIOR 513,49,47,2,98.6,48.2,3,5,5,0,33.33333333,1.111111111,10,1176.470588,6,
BA21365-IK'DT-1185,1185,MD,1,13,E124,TZEEIOR 522,50,50,0,109.4,66.2,2,6,5,0,16.66666667,0.888888889,0,1172.54902,6,
BA21365-IK'DT-1186,1186,MD,1,13,E174,TZEEIOR 123,56,54,2,95.2,51.2,3,3,6,0,0,1.125,0,772.9847495,4,
BA21365-IK'DT-1187,1187,MD,1,13,E112,TZEEIOR 494,52,52,0,75.4,36.2,3,5,5,0,0,0.888888889,0,961.8736383,7,
BA21365-IK'DT-1188,1188,MD,1,13,E187,TZEEIOR 97,60,62,2,104.6,45.4,3,5,6,0,0,0.388888889,0,381.2636166,5,
BA21365-IK'DT-1189,1189,MD,1,13,E104,TZEEIOR 471,54,54,0,107.8,58.4,5,3,5,0,0,0.722222222,0,944.4444444,7,
BA21365-IK'DT-1190,1190,MD,1,13,E201,TZEEIOR 250,59,57,2,106,57,3,6,6,0,0,0.277777778,0,382.5708061,5,
BA21365-IK'DT-1191,1191,MD,1,13,E204,TZEEIOR 339,53,53,0,96.2,37.2,5,6,6,0,0,0.444444444,0,578.4313725,7,
BA21365-IK'DT-1192,1192,MD,1,13,E18,TZEEIOR 302,54,56,2,111.8,48.4,3,6,6,0,0,0.411764706,28.57142857,568.627451,6,
BA21365-IK'DT-1193,1193,MD,1,13,E114,TZEEIOR 500,48,47,1,99,49.8,3,4,6,0,0,0.666666667,16.66666667,576.4705882,7,
BA21365-IK'DT-1194,1194,MD,1,13,E200,TZEEIOR 28,56,58,2,125.6,56.2,1,3,9,0,0,0.117647059,0,189.1067538,6,
BA21365-IK'DT-1195,1195,MD,1,13,E186,TZEEIOR 125,56,56,0,109.6,52.8,4,5,6,0,0,1.1875,0,759.912854,4,
BA21365-IK'DT-1196,1196,MD,1,14,E173,TZEEIOR 195,54,54,0,133.6,56.2,3,5,5,0,0,1.055555556,0,1124.183007,4,
BA21365-IK'DT-1197,1197,MD,1,14,E105,TZEEIOR 476,54,54,0,91,44.6,3,6,5,0,0,0.722222222,0,771.2418301,6,
BA21365-IK'DT-1198,1198,MD,1,14,E209,Check 5 -TZdEEI 7                ,52,52,0,84.2,35.8,1,6,6,0,0,0.875,0,567.9738562,6,
BA21365-IK'DT-1199,1199,MD,1,14,E145,TZEEIOR 123,58,56,2,86.2,40.4,3,3,6,0,0,0.555555556,0,763.3986928,4,
BA21365-IK'DT-1200,1200,MD,1,14,E64,TZEEIOR 391,57,57,0,78,40.8,3,4,6,0,0,0.5,0,562.745098,6,
BA21365-IK'DT-1201,1201,MD,1,14,E159,TZEEI 82,51,51,0,125.6,58.8,2,4,4,0,0,0.647058824,9.090909091,1371.023965,3,
BA21365-IK'DT-1202,1202,MD,1,14,E90,TZEEIOR 441,50,49,1,113,49.2,3,5,5,0,16.66666667,0.722222222,7.692307692,1374.074074,7,
BA21365-IK'DT-1203,1203,MD,1,14,E49,TZEEIOR 367,48,47,1,103.4,51.6,4,3,5,0,0,0.866666667,15.38461538,1190.021786,5,
BA21365-IK'DT-1204,1204,MD,1,14,E81,TZEEIOR 417,47,45,2,109.4,49.6,3,3,5,0,0,0.722222222,0,957.5163399,7,
BA21365-IK'DT-1205,1205,MD,1,14,E21,TZEEIOR 306,48,46,2,127,55.6,5,5,5,0,0,0.833333333,46.66666667,1575.599129,5,
BA21365-IK'DT-1206,1206,MD,1,14,E134,TZEEIOR 540,50,50,0,127.8,58.4,3,6,4,0,27.77777778,1.388888889,8,2193.638344,4,
BA21365-IK'DT-1207,1207,MD,1,14,E56,TZEEIOR 378,54,53,1,116.8,52.8,3,5,5,0,0,1.090909091,8.333333333,946.6230937,4,
BA21365-IK'DT-1208,1208,MD,1,14,E69,TZEEIOR 397,50,49,1,117.2,52.2,3,6,6,0,0,0.9375,26.66666667,772.9847495,6,
BA21365-IK'DT-1209,1209,MD,1,14,E94,TZEEIOR 452,51,51,0,94.4,51.6,3,7,5,0,0,0.666666667,0,949.8910675,7,
BA21365-IK'DT-1210,1210,MD,1,14,E14,TZEEIOR 298,55,56,1,108.4,46.8,3,6,6,0,0,0.944444444,17.64705882,971.6775599,5,
BA22365-IK'OPT-1001,1211,WW,1,1,E129,TZEEIOR 529,47,48,1,130.6,42,2,3,4,0,0,0.89,12.5,4687.102397,,3
BA22365-IK'OPT-1002,1212,WW,1,1,E59,TZEEIOR 383,53,53,0,93,32.4,4,7,5,7.14,21.43,0.57,25,1133.882218,,4
BA22365-IK'OPT-1003,1213,WW,1,1,E132,TZEEIOR 538,47,46,1,136,44.2,2,3,3,0,0,1.24,9.52,3831.111111,,3
BA22365-IK'OPT-1004,1214,WW,1,1,E52,TZEEIOR 373,52,51,1,118.6,63.4,4,4,4,0,12.5,1,6.25,3618.69281,,5
BA22365-IK'OPT-1005,1215,WW,1,1,E103,TZEEIOR 470,55,55,0,127.6,57.4,3,4,2,0,0,0.94,6.25,3721.132898,,5
BA22365-IK'OPT-1006,1216,WW,1,1,E205,Check 1 -TZdEEI 4                 ,54,55,1,110,34.4,5,6,5,0,0,0.71,0,1915.03268,,4
BA22365-IK'OPT-1007,1217,WW,1,1,E166,TZEEIOR 145,56,58,2,119.8,44,5,5,6,0,0,0.79,18.18,2329.411765,,5
BA22365-IK'OPT-1008,1218,WW,1,1,E188,TZEEIOR 202,57,59,2,129.8,46.2,2,5,7,0,0,0.53,12.5,1151.633987,,4
BA22365-IK'OPT-1009,1219,WW,1,1,E44,TZEEIOR 356,52,51,1,111.2,40.6,5,5,4,0,0,0.94,6.25,3851.851852,,3
BA22365-IK'OPT-1010,1220,WW,1,1,E6,TZEEIOR 284,52,51,1,113,47.2,4,4,4,0,0,0.94,12.5,3808.278867,,4
BA22365-IK'OPT-1011,1221,WW,1,1,E5,TZEEIOR 283,55,55,0,91,47,3,5,5,0,44.44,0.83,6.67,2347.625272,,5
BA22365-IK'OPT-1012,1222,WW,1,1,E10,TZEEIOR 290,55,55,0,79.6,30.4,5,6,6,0,0,0.71,0,766.8845316,,5
BA22365-IK'OPT-1013,1223,WW,1,1,E193,TZEEIOR 486,56,56,0,108.2,52,2,3,3,0,0,1,16.67,3933.333333,,2
BA22365-IK'OPT-1014,1224,WW,1,1,E177,TZEEIOR 31,54,54,0,113.2,48.2,5,4,4,0,0,1,5.88,3795.206972,,5
BA22365-IK'OPT-1015,1225,WW,1,1,E27,TZEEIOR 322,53,53,0,100.2,42.2,3,5,5,0,0,0.78,14.29,2312.418301,,5
BA22365-IK'OPT-1016,1226,WW,1,2,E33,TZEEIOR 334,52,51,1,113.8,54,5,4,5,0,0,0.87,7.69,2365.577342,,3
BA22365-IK'OPT-1017,1227,WW,1,2,E142,TZEEIOR 42,57,59,2,112,42.2,3,6,7,0,0,0.78,0,1552.925647,,3
BA22365-IK'OPT-1018,1228,WW,1,2,E130,TZEEIOR 535,57,57,0,106.8,47.2,2,4,4,0,12.5,0.94,13.33,2362.91939,,4
BA22365-IK'OPT-1019,1229,WW,1,2,E40,TZEEIOR 346,49,48,1,119,52,4,3,3,0,64.71,0.47,0,1164.357298,,5
BA22365-IK'OPT-1020,1230,WW,1,2,E24,TZEEIOR 313,52,51,1,111.4,45,2,3,3,0,25,0.63,10,1924.444444,,3
BA22365-IK'OPT-1021,1231,WW,1,2,E106,TZEEIOR 477,52,52,0,119.8,47,4,4,5,0,37.5,0.75,8.33,2323.311547,,3
BA22365-IK'OPT-1022,1232,WW,1,2,E184,TZEEIOR 104,53,53,0,119.6,53.2,2,3,4,0,0,0.85,9.09,1561.394336,,3
BA22365-IK'OPT-1023,1233,WW,1,2,E76,TZEEIOR 406,56,55,1,106.4,53.6,4,2,5,0,73.33,1.13,11.76,2810.980392,,2
BA22365-IK'OPT-1024,1234,WW,1,2,E19,TZEEIOR 304,51,50,1,112.4,59,4,4,4,0,58.82,0.76,15.38,2358.431373,,6
BA22365-IK'OPT-1025,1235,WW,1,2,E167,TZEEIOR 32,52,52,0,135.6,61,2,4,3,0,0,0.89,12.5,3868.366013,,5
BA22365-IK'OPT-1026,1236,WW,1,2,E88,TZEEIOR 434,50,50,0,115.8,46,3,3,4,0,37.5,0.88,7.14,3070.588235,,4
BA22365-IK'OPT-1027,1237,WW,1,2,E102,TZEEIOR 469,53,53,0,125.4,57,2,2,3,0,0,1.12,10.53,4497.298475,,3
BA22365-IK'OPT-1028,1238,WW,1,2,E127,TZEEIOR 527,48,48,0,121.2,53,4,5,4,0,0,0.94,13.33,3407.843137,,4
BA22365-IK'OPT-1029,1239,WW,1,2,E12,TZEEIOR 292,54,53,1,107.6,52.2,4,4,4,0,0,1,6.67,3962.91939,,4
BA22365-IK'OPT-1030,1240,WW,1,2,E138,TZEEIOR 547,54,53,1,121.8,51,3,2,3,0,0,0.94,5.88,4326.623094,,2
BA22365-IK'OPT-1031,1241,WW,1,3,E95,TZEEIOR 453,51,50,1,129,52.2,2,3,5,0,0,1,16.67,3877.995643,,4
BA22365-IK'OPT-1032,1242,WW,1,3,E210,Check 6 -TZdEEI 9                ,57,56,1,123.4,56,4,4,4,0,0,0.5,16.67,1169.934641,,3
BA22365-IK'OPT-1033,1243,WW,1,3,E25,TZEEIOR 314,55,55,0,133.6,40,4,5,6,0,17.65,0.94,6.25,2447.320261,,4
BA22365-IK'OPT-1034,1244,WW,1,3,E36,TZEEIOR 340,48,48,0,110.4,43.6,4,4,5,0,25,0.75,8.33,2326.797386,,3
BA22365-IK'OPT-1035,1245,WW,1,3,E198,TZEEIOR 142,57,58,1,125,48.2,3,4,4,0,0,0.76,7.69,3060.566449,,4
BA22365-IK'OPT-1036,1246,WW,1,3,E113,TZEEIOR 498,53,53,0,138.6,69.6,4,2,5,0,0,0.71,8.33,3427.45098,,2
BA22365-IK'OPT-1037,1247,WW,1,3,E202,TZEEIOR 497,52,51,1,117.2,53.6,3,4,4,0,22.22,0.83,6.67,2744.095861,,3
BA22365-IK'OPT-1038,1248,WW,1,3,E109,TZEEIOR 481,51,50,1,127.4,54.2,2,2,3,0,33.33,0.89,6.25,4616.993464,,2
BA22365-IK'OPT-1039,1249,WW,1,3,E46,TZEEIOR 361,51,50,1,94,38.4,3,5,5,0,0,0.94,5.88,3105.882353,,5
BA22365-IK'OPT-1040,1250,WW,1,3,E206, Check 2 -TZdEEI 2               ,54,53,1,124.6,58,2,3,6,0,13.33,1.13,5.88,3004.793028,,3
BA22365-IK'OPT-1041,1251,WW,1,3,E7,TZEEIOR 287,52,51,1,106.8,35,3,5,6,0,0,0.57,37.5,745.0980392,,5
BA22365-IK'OPT-1042,1252,WW,1,3,E93,TZEEIOR 447,51,51,0,139.8,70,4,2,2,0,0,1.3,7.69,3843.137255,,3
BA22365-IK'OPT-1043,1253,WW,1,3,E41,TZEEIOR 350,52,52,0,117.6,47,5,5,6,0,11.76,0.88,13.33,2851.24183,,4
BA22365-IK'OPT-1044,1254,WW,1,3,E70,TZEEIOR 398,51,51,0,101,43.2,4,4,4,0,60,0.87,7.69,2274.509804,,2
BA22365-IK'OPT-1045,1255,WW,1,3,E131,TZEEIOR 537,49,48,1,132.8,49,4,2,3,0,0,0.94,5.88,3915.555556,,3
BA22365-IK'OPT-1046,1256,WW,1,4,E136,TZEEIOR 543,51,51,0,168,71,4,1,1,0,0,1.41,8.33,8317.559913,,3
BA22365-IK'OPT-1047,1257,WW,1,4,E194,TZEEIOR 536,55,55,0,113.2,60,5,5,4,0,0,0.8,8.33,1802.875817,,6
BA22365-IK'OPT-1048,1258,WW,1,4,E47,TZEEIOR 365,55,55,0,119.2,55.2,3,4,5,0,0,0.88,7.14,2050.544662,,5
BA22365-IK'OPT-1049,1259,WW,1,4,E31,TZEEIOR 330,49,48,1,105,44.4,4,5,5,0,0,0.94,6.25,2703.877996,,6
BA22365-IK'OPT-1050,1260,WW,1,4,E74,TZEEIOR 404,48,49,1,135.2,65,2,4,3,0,11.11,0.83,13.33,3973.333333,,3
BA22365-IK'OPT-1051,1261,WW,1,4,E182,TZEEIOR 167,54,54,0,134.2,70.6,5,3,4,0,70.59,1.18,10,3062.222222,,3
BA22365-IK'OPT-1052,1262,WW,1,4,E123,TZEEIOR 521,52,51,1,134.8,69.2,2,2,3,0,0,1.19,5.26,5065.010893,,2
BA22365-IK'OPT-1053,1263,WW,1,4,E143,TZEEIOR 99,57,58,1,117.4,51.6,4,3,6,0,0,1,0,1628.75817,,4
BA22365-IK'OPT-1054,1264,WW,1,4,E126,TZEEIOR 524,56,55,1,98.8,52,3,4,4,0,0,0.79,18.18,1615.076253,,3
BA22365-IK'OPT-1055,1265,WW,1,4,E150,TZEEIOR 161,,,,,,,,,,,,,,,.
BA22365-IK'OPT-1056,1266,WW,1,4,E39,TZEEIOR 345,51,50,1,74.6,28.4,4,6,6,0,0,0.77,20,1372.54902,,5
BA22365-IK'OPT-1057,1267,WW,1,4,E128,TZEEIOR 528,51,51,0,117.8,46.6,2,3,4,0,100,0.81,15.38,2282.352941,,4
BA22365-IK'OPT-1058,1268,WW,1,4,E203,TZEEIOR 507,51,51,0,112,58,2,2,3,0,0,1.33,5,3165.882353,,3
BA22365-IK'OPT-1059,1269,WW,1,4,E191,TZEEIOR 525,54,55,1,109,40,2,4,5,0,0,0.9,11.11,1559.912854,,3
BA22365-IK'OPT-1060,1270,WW,1,4,E108,TZEEIOR 479,51,50,1,104.2,47,2,3,6,0,17.65,1.18,10,2677.995643,,4
BA22365-IK'OPT-1061,1271,WW,1,5,E30,TZEEIOR 329,51,51,0,85.6,34.2,4,5,5,0,0,0.82,22.22,1588.496732,,5
BA22365-IK'OPT-1062,1272,WW,1,5,E62,TZEEIOR 388,56,55,1,104.4,49,4,5,5,0,31.25,0.94,13.33,2423.921569,,6
BA22365-IK'OPT-1063,1273,WW,1,5,E161,TZEEIOR 38,55,56,1,112.8,56.6,3,6,5,0,0,0.5,25,784.3137255,,7
BA22365-IK'OPT-1064,1274,WW,1,5,E208, Check 4 -TZEEI 95               ,53,53,0,66.2,21.4,5,8,9,0,33.33,0.17,50,43.57298475,,8
BA22365-IK'OPT-1065,1275,WW,1,5,E111,TZEEIOR 493,59,58,1,99.6,52,5,5,5,0,66.67,1.27,10.53,2385.490196,,3
BA22365-IK'OPT-1066,1276,WW,1,5,E196,TZEEIOR 349,56,56,0,111.8,61.8,2,3,5,0,58.33,1.17,14.29,2401.960784,,4
BA22365-IK'OPT-1067,1277,WW,1,5,E153,TZEEI 58,51,53,2,140.4,51,2,5,4,0,55.56,0.78,14.29,2318.954248,,4
BA22365-IK'OPT-1068,1278,WW,1,5,E192,TZEEIOR 526,53,53,0,94.6,40,2,4,4,0,50,0.75,22.22,1899.782135,,4
BA22365-IK'OPT-1069,1279,WW,1,5,E160,TZEEIOR 109,55,56,1,135.6,63,2,3,6,0,0,0.71,10,786.9281046,,5
BA22365-IK'OPT-1070,1280,WW,1,5,E83,TZEEIOR 422,51,51,0,130,55,2,2,4,0,0,1.06,10.53,4616.993464,,2
BA22365-IK'OPT-1071,1281,WW,1,5,E53,TZEEIOR 375,48,48,0,85.6,29.4,4,6,5,0,52.94,0.47,25,790.5882353,,6
BA22365-IK'OPT-1072,1282,WW,1,5,E13,TZEEIOR 296,59,58,1,117.8,53,3,4,5,0,0,1,5.88,2315.076253,,5
BA22365-IK'OPT-1073,1283,WW,1,5,E73,TZEEIOR 403,52,51,1,113.8,60,5,2,4,0,50,1.38,18.18,4775.294118,,3
BA22365-IK'OPT-1074,1284,WW,1,5,E175,TZEEIOR 24,55,56,1,145.4,63.2,5,3,5,0,0,0.91,0,1962.178649,,2
BA22365-IK'OPT-1075,1285,WW,1,5,E100,TZEEIOR 463,48,48,0,109.4,36.8,4,3,3,0,20,0.73,9.09,1551.198257,,3
BA22365-IK'OPT-1076,1286,WW,1,6,E151,TZEEIOR 249,55,56,1,141,66.4,5,3,4,0,0,0.88,21.43,2623.093682,,3
BA22365-IK'OPT-1077,1287,WW,1,6,E22,TZEEIOR 310,51,51,0,112,40.6,5,5,5,0,26.67,0.67,10,1181.917211,,4
BA22365-IK'OPT-1078,1288,WW,1,6,E43,TZEEIOR 355,51,50,1,131.8,56,3,2,3,0,66.67,1.22,4.55,6023.529412,,3
BA22365-IK'OPT-1079,1289,WW,1,6,E115,TZEEIOR 501,48,48,0,104.4,50.2,3,2,3,0,56.25,1.44,8.7,2980.392157,,3
BA22365-IK'OPT-1080,1290,WW,1,6,E181,TZEEIOR 45,56,57,1,150.6,61.4,3,3,4,0,0,0.92,9.09,1529.237473,,2
BA22365-IK'OPT-1081,1291,WW,1,6,E79,TZEEIOR 413,50,50,0,140.4,72.8,3,3,3,0,57.14,0.93,7.69,2338.997821,,4
BA22365-IK'OPT-1082,1292,WW,1,6,E92,TZEEIOR 445,51,51,0,141,57.2,2,2,2,0,0,0.94,0,4486.27451,,3
BA22365-IK'OPT-1083,1293,WW,1,6,E119,TZEEIOR 509,53,53,0,125,65.6,2,2,4,0,0,1.28,4.35,3944.96732,,4
BA22365-IK'OPT-1084,1294,WW,1,6,E137,TZEEIOR 545,54,54,0,132.2,56.2,3,2,4,0,22.22,0.89,6.25,3407.843137,,4
BA22365-IK'OPT-1085,1295,WW,1,6,E91,TZEEIOR 444,53,53,0,134.8,64,2,3,3,0,0,1,5.88,3834.422658,,5
BA22365-IK'OPT-1086,1296,WW,1,6,E96,TZEEIOR 458,54,54,0,111.6,43.4,2,3,5,0,0,0.94,6.67,2000,,4
BA22365-IK'OPT-1087,1297,WW,1,6,E60,TZEEIOR 384,55,55,0,107.6,52,4,4,6,0,78.57,0.93,15.38,1584.618736,,3
BA22365-IK'OPT-1088,1298,WW,1,6,E67,TZEEIOR 395,53,51,2,106.8,59,5,5,6,0,12.5,0.94,6.67,3400,,5
BA22365-IK'OPT-1089,1299,WW,1,6,E45,TZEEIOR 357,53,54,1,154.4,56,2,2,4,0,0,0.83,0,2277.124183,,3
BA22365-IK'OPT-1090,1300,WW,1,6,E63,TZEEIOR 389,53,52,1,86.2,41,4,6,5,0,0,0.63,10,1526.797386,,6
BA22365-IK'OPT-1091,1301,WW,1,7,E20,TZEEIOR 305,57,55,2,94,50,3,6,4,0,44.44,1,16.67,2426.143791,,7
BA22365-IK'OPT-1092,1302,WW,1,7,E101,TZEEIOR 464,51,50,1,101.4,39,2,3,5,0,56.25,1.06,17.65,2285.83878,,3
BA22365-IK'OPT-1093,1303,WW,1,7,E28,TZEEIOR 323,49,48,1,114.4,44,4,5,5,0,14.29,0.79,9.09,1518.518519,,6
BA22365-IK'OPT-1094,1304,WW,1,7,E61,TZEEIOR 386,51,50,1,99.4,50,4,4,4,0,31.25,1.13,11.11,2338.823529,,6
BA22365-IK'OPT-1095,1305,WW,1,7,E87,TZEEIOR 432,50,50,0,125.4,48.8,4,4,5,0,12.5,0.94,6.67,2288.496732,,5
BA22365-IK'OPT-1096,1306,WW,1,7,E65,TZEEIOR 392,49,49,0,76.4,30.6,5,4,5,0,16.67,0.67,0,778.6928105,,4
BA22365-IK'OPT-1097,1307,WW,1,7,E122,TZEEIOR 515,51,51,0,107,37.4,2,3,4,0,21.43,0.93,7.69,2305.882353,,4
BA22365-IK'OPT-1098,1308,WW,1,7,E8,TZEEIOR 288,54,53,1,88.2,34.2,3,4,5,0,0,0.64,11.11,1144.095861,,3
BA22365-IK'OPT-1099,1309,WW,1,7,E147,TZEEIOR 139,58,59,1,169.8,90.4,4,2,4,0,0,1.18,0,3738.562092,,5
BA22365-IK'OPT-1100,1310,WW,1,7,E116,TZEEIOR 504,48,48,0,135.4,62.2,2,1,3,0,0,1.44,3.85,7777.777778,,2
BA22365-IK'OPT-1101,1311,WW,1,7,E110,TZEEIOR 491,51,52,1,111.4,48.2,2,2,5,0,0,1.53,7.69,4126.797386,,2
BA22365-IK'OPT-1102,1312,WW,1,7,E169,TZEEIOR 113,55,56,1,121,48.4,3,3,4,0,0,0.78,7.14,2313.72549,,3
BA22365-IK'OPT-1103,1313,WW,1,7,E158,TZEEI 81,58,60,2,105.2,43,3,5,6,0,0,0.39,14.29,1554.684096,,2
BA22365-IK'OPT-1104,1314,WW,1,7,E125,TZEEIOR 523,54,53,1,108.6,61,3,4,4,0,0,1.29,11.11,3141.176471,,2
BA22365-IK'OPT-1105,1315,WW,1,7,E4,TZEEIOR 282,52,51,1,96.6,44.2,4,4,5,0,0,1,14.29,2317.734205,,2
BA22365-IK'OPT-1106,1316,WW,1,8,E168,TZEEIOR 53,,,,,,,,,,,,,,,
BA22365-IK'OPT-1107,1317,WW,1,8,E165,TZEEIOR 35,56,55,1,127,51,4,5,2,0,0,0.63,20,3071.023965,,4
BA22365-IK'OPT-1108,1318,WW,1,8,E97,TZEEIOR 460,52,52,0,110.2,51.2,4,2,4,0,11.11,1.17,9.52,3872.766885,,3
BA22365-IK'OPT-1109,1319,WW,1,8,E71,TZEEIOR 399,58,57,1,120.4,58,3,4,5,0,0,1.09,8.33,1860.566449,,3
BA22365-IK'OPT-1110,1320,WW,1,8,E26,TZEEIOR 321,51,51,0,118.8,56.2,5,3,3,0,66.67,0.89,6.25,3882.135076,,4
BA22365-IK'OPT-1111,1321,WW,1,8,E152,TZdEEI 13,53,53,0,115.4,51,3,3,3,0,16.67,1,11.11,3595.816993,,2
BA22365-IK'OPT-1112,1322,WW,1,8,E84,TZEEIOR 424,48,48,0,120.6,56.2,2,2,4,0,0,0.94,11.76,3364.705882,,2
BA22365-IK'OPT-1113,1323,WW,1,8,E140,TZEEIOR 550,51,51,0,117.4,48.4,2,2,3,0,0,1,5.88,4622.222222,,2
BA22365-IK'OPT-1114,1324,WW,1,8,E199,TZEEIOR 41,55,57,2,139,53.6,2,4,6,0,0,0.82,0,1549.455338,,2
BA22365-IK'OPT-1115,1325,WW,1,8,E135,TZEEIOR 542,58,57,1,135.4,55.6,3,2,3,0,0,1.29,11.11,3423.529412,,2
BA22365-IK'OPT-1116,1326,WW,1,8,E139,TZEEIOR 548,55,55,0,103.4,37.2,3,3,3,0,38.89,0.94,5.88,3127.058824,,2
BA22365-IK'OPT-1117,1327,WW,1,8,E32,TZEEIOR 333,55,56,1,95,39,4,6,5,0,0,0.61,27.27,761.6557734,,6
BA22365-IK'OPT-1118,1328,WW,1,8,E178,TZEEIOR 10,57,58,1,125.2,53.2,4,3,3,0,0,0.94,5.88,4145.969499,,2
BA22365-IK'OPT-1119,1329,WW,1,8,E50,TZEEIOR 368,51,51,0,88.6,29.4,4,6,6,0,11.11,0.67,16.67,1975.555556,,3
BA22365-IK'OPT-1120,1330,WW,1,8,E179,TZEEIOR 85,58,57,1,130,52,4,4,3,0,0,0.8,0,2997.821351,,2
BA22365-IK'OPT-1121,1331,WW,1,9,E48,TZEEIOR 366,54,53,1,84.8,31.8,4,6,5,0,14.29,0.79,9.09,1017.342048,,4
BA22365-IK'OPT-1122,1332,WW,1,9,E197,TZEEIOR 381,54,53,1,98.4,42.2,4,4,5,0,42.86,0.86,8.33,1471.982571,,5
BA22365-IK'OPT-1123,1333,WW,1,9,E29,TZEEIOR 324,52,51,1,103.4,43.4,5,6,5,0,25,0.88,7.14,1216.470588,,6
BA22365-IK'OPT-1124,1334,WW,1,9,E3,TZEEIOR 281,53,53,0,113.2,40.6,5,6,5,0,0,0.71,10,953.1590414,,7
BA22365-IK'OPT-1125,1335,WW,1,9,E163,TZEEIOR 29,55,56,1,138.6,57,3,4,5,0,0,1,16.67,754.6840959,,3
BA22365-IK'OPT-1126,1336,WW,1,9,E66,TZEEIOR 394,52,51,1,94.2,43.4,5,5,5,0,0,1.08,23.08,1667.538126,,4
BA22365-IK'OPT-1127,1337,WW,1,9,E164,TZEEIOR 126,53,52,1,89.2,33.6,5,6,6,0,75,0.56,22.22,901.9607843,,5
BA22365-IK'OPT-1128,1338,WW,1,9,E57,TZEEIOR 379,52,52,0,101,39.2,3,4,5,0,60,0.7,14.29,1542.48366,,5
BA22365-IK'OPT-1129,1339,WW,1,9,E34,TZEEIOR 335,55,54,1,89,34.2,5,4,6,0,0,0.8,37.5,783.4422658,,5
BA22365-IK'OPT-1130,1340,WW,1,9,E9,TZEEIOR 289,56,55,1,102.8,39,3,3,4,0,29.41,1,11.76,1650.675381,,4
BA22365-IK'OPT-1131,1341,WW,1,9,E185,TZEEIOR 221,57,57,0,124,52,5,3,4,0,0,0.86,0,1922.222222,,3
BA22365-IK'OPT-1132,1342,WW,1,9,E155,TZEEI 64,51,52,1,85.4,40,3,6,6,0,0,0.47,14.29,383.4422658,,5
BA22365-IK'OPT-1133,1343,WW,1,9,E195,TZEEIOR 510,54,55,1,121.8,51,2,2,4,0,23.53,1.12,10.53,3753.943355,,2
BA22365-IK'OPT-1134,1344,WW,1,9,E176,TZEEIOR 203,55,56,1,128.6,53,2,4,5,0,30.77,0.85,9.09,1152.941176,,3
BA22365-IK'OPT-1135,1345,WW,1,9,E99,TZEEIOR 462,51,51,0,116.2,42,3,2,4,0,0,0.78,7.14,2407.058824,,3
BA22365-IK'OPT-1136,1346,WW,1,10,E11,TZEEIOR 291,58,57,1,100.8,44,4,4,5,0,0,0.94,6.67,3074.117647,,3
BA22365-IK'OPT-1137,1347,WW,1,10,E171,TZEEIOR 5,53,54,1,104,37.2,2,4,5,0,0,0.69,0,1544.22658,,3
BA22365-IK'OPT-1138,1348,WW,1,10,E183,TZEEIOR 108,57,59,2,113.4,48.8,4,3,5,0,0,1.1,9.09,1169.934641,,2
BA22365-IK'OPT-1139,1349,WW,1,10,E54,TZEEIOR 376,49,49,0,103,44,3,4,5,0,26.67,0.6,22.22,1177.777778,,3
BA22365-IK'OPT-1140,1350,WW,1,10,E118,TZEEIOR 508,53,53,0,98.8,43,3,3,7,0,11.11,1.06,10.53,1925.925926,,4
BA22365-IK'OPT-1141,1351,WW,1,10,E2,TZEEIOR 280,50,49,1,119,51,3,3,4,0,0,1.06,5.88,2300.653595,,4
BA22365-IK'OPT-1142,1352,WW,1,10,E141,TZEEIOR 11,58,59,1,99.6,43.6,4,6,5,0,0,0.69,9.09,813.4640523,,2
BA22365-IK'OPT-1143,1353,WW,1,10,E23,TZEEIOR 311,51,51,0,111.6,51,3,3,4,0,56.25,1,18.75,2694.59695,,4
BA22365-IK'OPT-1144,1354,WW,1,10,E37,TZEEIOR 343,55,56,1,87,32,4,4,5,0,22.22,0.72,15.38,1333.333333,,5
BA22365-IK'OPT-1145,1355,WW,1,10,E180,TZEEIOR 197,58,60,2,120.4,46,3,3,6,0,0,0.75,0,758.1699346,,3
BA22365-IK'OPT-1146,1356,WW,1,10,E86,TZEEIOR 427,57,57,0,106.8,47,3,3,4,0,0,0.94,12.5,2355.294118,,4
BA22365-IK'OPT-1147,1357,WW,1,10,E51,TZEEIOR 371,57,57,0,98.8,36,2,5,5,0,36.36,0.73,0,383.8779956,,5
BA22365-IK'OPT-1148,1358,WW,1,10,E189,TZEEIOR 205,55,56,1,125.8,60,4,3,4,0,0,0.81,7.69,3067.538126,,3
BA22365-IK'OPT-1149,1359,WW,1,10,E58,TZEEIOR 380,55,54,1,105,52,3,5,5,0,54.55,1,18.18,2000,,6
BA22365-IK'OPT-1150,1360,WW,1,10,E172,TZEEIOR 100,57,58,1,144.6,63,3,5,4,0,0,0.78,14.29,1959.912854,,6
BA22365-IK'OPT-1151,1361,WW,1,11,E17,TZEEIOR 301,56,55,1,115,55,3,3,4,0,0,0.94,18.75,3843.137255,,3
BA22365-IK'OPT-1152,1362,WW,1,11,E42,TZEEIOR 352,53,52,1,88.6,47,5,5,5,0,47.06,0.94,12.5,1938.997821,,6
BA22365-IK'OPT-1153,1363,WW,1,11,E1,TZEEIOR 279,50,50,0,132.2,60,2,3,4,0,0,0.88,7.14,3459.520697,,3
BA22365-IK'OPT-1154,1364,WW,1,11,E82,TZEEIOR 421,53,53,0,155,65,2,2,4,0,0,1.06,16.67,4074.074074,,3
BA22365-IK'OPT-1155,1365,WW,1,11,E157,TZEEI 76,48,49,1,132,59,2,4,4,0,61.11,1.06,5.26,3001.30719,,4
BA22365-IK'OPT-1156,1366,WW,1,11,E190,TZEEIOR 209,57,57,0,140.2,64,2,2,5,0,0,0.87,7.69,2308.496732,,3
BA22365-IK'OPT-1157,1367,WW,1,11,E77,TZEEIOR 407,57,57,0,93.4,40,2,4,4,0,77.78,0.89,12.5,1943.35512,,3
BA22365-IK'OPT-1158,1368,WW,1,11,E55,TZEEIOR 377,52,51,1,92.8,37,3,4,4,0,70.59,0.88,13.33,2337.254902,,4
BA22365-IK'OPT-1159,1369,WW,1,11,E162,TZEEIOR 91,53,53,0,117.4,55,6,4,4,0,0,0.82,21.43,2326.797386,,5
BA22365-IK'OPT-1160,1370,WW,1,11,E148,TZEEIOR 140,55,56,1,130.4,55,3,4,4,0,0,0.94,0,3164.488017,,5
BA22365-IK'OPT-1161,1371,WW,1,11,E107,TZEEIOR 478,53,53,0,81,35.6,3,4,5,0,0,0.93,7.14,2337.254902,,3
BA22365-IK'OPT-1162,1372,WW,1,11,E121,TZEEIOR 514,51,51,0,91.4,39,4,3,3,0,22.22,1.39,4,5246.187364,,2
BA22365-IK'OPT-1163,1373,WW,1,11,E146,TZEEIOR 125,56,58,2,112.4,45,4,4,7,0,0,0.64,0,761.6557734,,3
BA22365-IK'OPT-1164,1374,WW,1,11,E170,TZEEIOR 76,55,55,0,130.2,54,3,3,4,0,0,0.75,8.33,1538.997821,,5
BA22365-IK'OPT-1165,1375,WW,1,11,E35,TZEEIOR 336,51,51,0,122.8,57,3,4,3,0,29.41,1,5.88,4148.148148,,6
BA22365-IK'OPT-1166,1376,WW,1,12,E133,TZEEIOR 539,49,48,1,74.8,38,3,4,5,0,52.94,0.94,6.25,1799.912854,,3
BA22365-IK'OPT-1167,1377,WW,1,12,E72,TZEEIOR 400,49,48,1,117.2,46,3,2,4,0,23.53,0.94,12.5,3877.167756,,3
BA22365-IK'OPT-1168,1378,WW,1,12,E156,TZEEI 68,55,55,0,46,19.6,5,7,9,0,0,0.11,100,,,5
BA22365-IK'OPT-1169,1379,WW,1,12,E15,TZEEIOR 299,53,52,1,115.8,55,4,3,4,0,16.67,1,11.11,3164.488017,,4
BA22365-IK'OPT-1170,1380,WW,1,12,E144,TZEEIOR 102,52,51,1,129.4,57,3,3,4,0,0,0.75,0,1882.352941,,3
BA22365-IK'OPT-1171,1381,WW,1,12,E85,TZEEIOR 426,52,51,1,102.6,61,2,3,3,0,52.94,0.82,7.14,3165.664488,,5
BA22365-IK'OPT-1172,1382,WW,1,12,E89,TZEEIOR 437,52,51,1,110.8,52,3,2,5,0,0,1.63,11.54,5253.159041,,3
BA22365-IK'OPT-1173,1383,WW,1,12,E38,TZEEIOR 344,48,48,0,109,47,4,3,5,0,11.11,0.89,6.25,2588.235294,,6
BA22365-IK'OPT-1174,1384,WW,1,12,E98,TZEEIOR 461,51,51,0,120,41,3,3,4,0,0,1,15.38,3486.27451,,2
BA22365-IK'OPT-1175,1385,WW,1,12,E16,TZEEIOR 300,51,51,0,95,42,4,4,5,0,64.29,0.71,10,2069.1939,,3
BA22365-IK'OPT-1176,1386,WW,1,12,E80,TZEEIOR 415,49,49,0,126.8,56,4,3,5,0,0,1.5,11.11,3624.836601,,4
BA22365-IK'OPT-1177,1387,WW,1,12,E68,TZEEIOR 396,53,51,2,108.4,51,4,4,4,0,0,1,11.11,4284.793028,,4
BA22365-IK'OPT-1178,1388,WW,1,12,E207,Check 3 -TZdEEI 12              ,52,51,1,109.6,51,4,5,5,0,33.33,0.89,12.5,2059.956427,,5
BA22365-IK'OPT-1179,1389,WW,1,12,E117,TZEEIOR 505,51,51,0,119.2,50,4,2,4,0,27.78,1.11,10,3388.235294,,3
BA22365-IK'OPT-1180,1390,WW,1,12,E75,TZEEIOR 405,51,51,0,119.2,60,3,3,5,0,16.67,1.11,15,3784.749455,,3
BA22365-IK'OPT-1181,1391,WW,1,13,E78,TZEEIOR 412,53,53,0,94.6,39,4,4,5,0,0,0.87,7.69,2039.215686,,3
BA22365-IK'OPT-1182,1392,WW,1,13,E149,TZEEIOR 146,,,,,,,,,,,,,,,.
BA22365-IK'OPT-1183,1393,WW,1,13,E154,TZEEI 63,,,,,,,,,,,,,,,4
BA22365-IK'OPT-1184,1394,WW,1,13,E120,TZEEIOR 513,51,51,0,103.2,39,4,3,4,0,75,1.44,13.04,3467.538126,,3
BA22365-IK'OPT-1185,1395,WW,1,13,E124,TZEEIOR 522,57,56,1,92.8,50.4,4,5,5,0,0,0.57,12.5,1169.934641,,3
BA22365-IK'OPT-1186,1396,WW,1,13,E174,TZEEIOR 123,57,57,0,98.8,39,4,5,5,0,0,0.8,12.5,1145.098039,,3
BA22365-IK'OPT-1187,1397,WW,1,13,E112,TZEEIOR 494,51,51,0,107.6,51.4,2,2,5,0,0,0.11,0,386.0566449,,3
BA22365-IK'OPT-1188,1398,WW,1,13,E187,TZEEIOR 97,57,57,0,143.8,63,4,3,3,0,0,1.59,7.41,5383.006536,,5
BA22365-IK'OPT-1189,1399,WW,1,13,E104,TZEEIOR 471,54,53,1,130.2,57,3,2,4,0,0,1.19,5.26,3475.555556,,3
BA22365-IK'OPT-1190,1400,WW,1,13,E201,TZEEIOR 250,58,58,0,137.8,58.8,4,3,4,0,0,0.73,9.09,2623.093682,,3
BA22365-IK'OPT-1191,1401,WW,1,13,E204,TZEEIOR 339,51,51,0,124.8,44.2,3,2,3,0,0,0.88,7.14,3461.568627,,3
BA22365-IK'OPT-1192,1402,WW,1,13,E18,TZEEIOR 302,53,54,1,125.6,57,3,3,5,0,0,1.18,15.38,2687.145969,,5
BA22365-IK'OPT-1193,1403,WW,1,13,E114,TZEEIOR 500,49,48,1,127.2,59.2,4,4,3,0,22.22,1.06,10.53,4148.148148,,4
BA22365-IK'OPT-1194,1404,WW,1,13,E200,TZEEIOR 28,53,55,2,139.6,51,3,4,7,0,0,0.55,0,389.9782135,,4
BA22365-IK'OPT-1195,1405,WW,1,13,E186,TZEEIOR 125,54,56,2,115.8,40.8,4,4,7,0,0,0.77,10,772.1132898,,3
BA22365-IK'OPT-1196,1406,WW,1,14,E173,TZEEIOR 195,53,54,1,156.4,64.2,2,2,4,0,0,0.94,6.25,3716.775599,,5
BA22365-IK'OPT-1197,1407,WW,1,14,E105,TZEEIOR 476,54,53,1,122,55,3,2,4,0,11.11,1.11,15,4606.535948,,3
BA22365-IK'OPT-1198,1408,WW,1,14,E209,Check 5 -TZdEEI 7                ,52,51,1,139.6,56.2,4,2,3,0,0,0.87,15.38,4585.620915,,2
BA22365-IK'OPT-1199,1409,WW,1,14,E145,TZEEIOR 123,53,54,1,124.6,54.4,3,3,4,17.65,17.65,1,17.65,3886.71024,,3
BA22365-IK'OPT-1200,1410,WW,1,14,E64,TZEEIOR 391,55,56,1,66.4,31,5,7,7,0,70.59,0.12,0,0,,8
BA22365-IK'OPT-1201,1411,WW,1,14,E159,TZEEI 82,53,54,1,101,38,6,6,7,0,0,0.33,0,0,,4
BA22365-IK'OPT-1202,1412,WW,1,14,E90,TZEEIOR 441,49,48,1,141.8,65.2,2,2,3,0,0,1.29,13.64,5529.411765,,2
BA22365-IK'OPT-1203,1413,WW,1,14,E49,TZEEIOR 367,53,53,0,98,49.6,4,5,6,0,30.77,0.46,16.67,812.5490196,,4
BA22365-IK'OPT-1204,1414,WW,1,14,E81,TZEEIOR 417,49,48,1,124,54.2,3,2,5,0,0,1.22,9.09,3137.254902,,3
BA22365-IK'OPT-1205,1415,WW,1,14,E21,TZEEIOR 306,52,51,1,109,44,6,4,5,0,16.67,0.83,6.67,2856.819172,,5
BA22365-IK'OPT-1206,1416,WW,1,14,E134,TZEEIOR 540,54,54,0,124.4,50.4,3,4,5,0,46.67,0.67,20,1628.75817,,3
BA22365-IK'OPT-1207,1417,WW,1,14,E56,TZEEIOR 378,55,52,3,123.6,51,3,3,5,0,15.38,1,15.38,2329.411765,,5
BA22365-IK'OPT-1208,1418,WW,1,14,E69,TZEEIOR 397,52,52,0,111.2,43.2,3,4,5,0,0,1.07,13.33,2326.797386,,3
BA22365-IK'OPT-1209,1419,WW,1,14,E94,TZEEIOR 452,52,51,1,110.8,53,3,4,3,0,0,1.18,10,3803.921569,,3
BA22365-IK'OPT-1210,1420,WW,1,14,E14,TZEEIOR 298,57,57,0,109.6,46.4,3,5,5,0,12.5,0.88,7.14,2308.496732,,3
BA21365-IK'DT-2001,2001,MD,2,15,E13,TZEEIOR 296,61,61,0,106.2,42,3,7,7,0,0,0.555555556,20,192.8104575,5,
BA21365-IK'DT-2002,2002,MD,2,15,E90,TZEEIOR 441,54,54,0,85,35,4,5,5,0,0,0.777777778,14.28571429,957.5163399,7,
BA21365-IK'DT-2003,2003,MD,2,15,E196,TZEEIOR 349,56,56,0,83.8,46.2,4,6,6,0,0,0.388888889,14.28571429,416.9934641,7,
BA21365-IK'DT-2004,2004,MD,2,15,E148,TZEEIOR 140,59,59,0,80.6,42,5,7,6,0,0,0.833333333,0,585.620915,5,
BA21365-IK'DT-2005,2005,MD,2,15,E32,TZEEIOR 333,56,56,0,81.6,37,5,6,6,0,0,0.882352941,33.33333333,588.2352941,6,
BA21365-IK'DT-2006,2006,MD,2,15,E77,TZEEIOR 407,55,55,0,82.4,38.2,3,6,5,0,0,0.529411765,11.11111111,564.7058824,6,
BA21365-IK'DT-2007,2007,MD,2,15,E86,TZEEIOR 427,53,53,0,91.6,47,4,7,5,0,0,0.777777778,21.42857143,799.7385621,6,
BA21365-IK'DT-2008,2008,MD,2,15,E42,TZEEIOR 352,55,54,1,66.2,29.6,3,6,5,0,0,0.666666667,8.333333333,581.6993464,6,
BA21365-IK'DT-2009,2009,MD,2,15,E64,TZEEIOR 391,59,59,0,66.4,34.2,3,7,6,0,0,0.388888889,0,392.1568627,6,
BA21365-IK'DT-2010,2010,MD,2,15,E1,TZEEIOR 279,53,53,0,102.2,50.6,3,6,6,0,0,0.333333333,16.66666667,388.2352941,6,
BA21365-IK'DT-2011,2011,MD,2,15,E175,TZEEIOR 24,56,58,2,98.2,38.8,1,7,7,0,0,0.2,0,192.5925926,7,
BA21365-IK'DT-2012,2012,MD,2,15,E73,TZEEIOR 403,53,53,0,86,48.4,5,3,4,0,0,0.611111111,18.18181818,1329.847495,6,
BA21365-IK'DT-2013,2013,MD,2,15,E46,TZEEIOR 361,52,52,0,81.2,33.2,3,6,6,0,0,0.5625,55.55555556,562.0915033,7,
BA21365-IK'DT-2014,2014,MD,2,15,E108,TZEEIOR 479,53,52,1,78.8,44.8,3,6,6,0,0,0.611111111,9.090909091,574.5098039,6,
BA21365-IK'DT-2015,2015,MD,2,15,E76,TZEEIOR 406,56,56,0,84.2,51.4,5,7,6,0,22.22222222,0.666666667,33.33333333,606.5359477,6,
BA21365-IK'DT-2016,2016,MD,2,16,E153,TZEEI 58,56,58,2,110.6,36.2,3,4,8,0,0,0.058823529,0,38.47494553,7,
BA21365-IK'DT-2017,2017,MD,2,16,E112,TZEEIOR 494,52,53,1,69.2,54,5,7,7,0,0,0.111111111,0,191.7211329,7,
BA21365-IK'DT-2018,2018,MD,2,16,E75,TZEEIOR 405,52,52,0,105.2,50.4,5,6,4,0,0,0.666666667,25,1164.705882,6,
BA21365-IK'DT-2019,2019,MD,2,16,E128,TZEEIOR 528,50,50,0,116.8,50.4,3,6,5,0,60,1.266666667,10.52631579,759.912854,6,
BA21365-IK'DT-2020,2020,MD,2,16,E2,TZEEIOR 280,52,52,0,105.6,52,5,5,6,0,0,0.333333333,0,379.0849673,6,
BA21365-IK'DT-2021,2021,MD,2,16,E120,TZEEIOR 513,48,47,1,108.4,50.2,3,5,5,0,22.22222222,0.777777778,28.57142857,956.4270153,7,
BA21365-IK'DT-2022,2022,MD,2,16,E88,TZEEIOR 434,48,48,0,112.2,42.8,2,5,4,0,11.11111111,0.888888889,37.5,1378.649237,6,
BA21365-IK'DT-2023,2023,MD,2,16,E191,TZEEIOR 525,51,51,0,112,45.6,3,6,4,0,11.11111111,0.555555556,0,946.6230937,5,
BA21365-IK'DT-2024,2024,MD,2,16,E169,TZEEIOR 113,57,57,0,120.4,50.6,3,5,6,0,0,0.611111111,9.090909091,1735.294118,6,
BA21365-IK'DT-2025,2025,MD,2,16,E189,TZEEIOR 205,57,58,1,122.2,67.6,3,5,7,0,0,0.705882353,0,383.4422658,6,
BA21365-IK'DT-2026,2026,MD,2,16,E95,TZEEIOR 453,56,55,1,123.6,55,2,5,5,0,0,0.888888889,12.5,974.9455338,6,
BA21365-IK'DT-2027,2027,MD,2,16,E15,TZEEIOR 299,53,53,0,120.8,61.4,3,6,3,0,0,0.833333333,0,1960.784314,4,
BA21365-IK'DT-2028,2028,MD,2,16,E93,TZEEIOR 447,55,55,0,124.6,65.6,3,5,4,0,0,0.777777778,7.142857143,1345.098039,6,
BA21365-IK'DT-2029,2029,MD,2,16,E104,TZEEIOR 471,57,58,1,114,65.2,5,4,5,0,0,0.722222222,15.38461538,990.1525054,6,
BA21365-IK'DT-2030,2030,MD,2,16,E113,TZEEIOR 498,53,53,0,131.2,75.4,5,4,4,0,0,0.888888889,25,1919.389978,4,
BA21365-IK'DT-2031,2031,MD,2,17,E33,TZEEIOR 334,51,50,1,114.4,58.2,3,6,4,0,0,1.071428571,20,1323.747277,4,
BA21365-IK'DT-2032,2032,MD,2,17,E190,TZEEIOR 209,53,53,0,139.6,73.2,2,6,4,0,0,0.944444444,29.41176471,577.7777778,3,
BA21365-IK'DT-2033,2033,MD,2,17,E198,TZEEIOR 142,59,59,0,90.4,48.6,2,6,5,0,11.11111111,0.777777778,0,949.8910675,6,
BA21365-IK'DT-2034,2034,MD,2,17,E57,TZEEIOR 379,51,51,0,91.8,35,3,5,5,0,0,0.75,22.22222222,962.962963,5,
BA21365-IK'DT-2035,2035,MD,2,17,E60,TZEEIOR 384,51,50,1,99.6,56.4,4,6,5,0,17.64705882,0.823529412,28.57142857,1172.54902,7,
BA21365-IK'DT-2036,2036,MD,2,17,E201,TZEEIOR 250,57,56,1,130.8,67,3,5,4,0,0,0.555555556,0,937.9084967,4,
BA21365-IK'DT-2037,2037,MD,2,17,E115,TZEEIOR 501,48,47,1,91,42.8,3,5,5,0,0,0.722222222,0,754.6840959,6,
BA21365-IK'DT-2038,2038,MD,2,17,E21,TZEEIOR 306,53,52,1,113.2,45,4,6,6,0,0,0.777777778,78.57142857,1196.078431,6,
BA21365-IK'DT-2039,2039,MD,2,17,E63,TZEEIOR 389,52,52,0,86.2,37.8,5,6,4,0,0,0.777777778,42.85714286,1332.897603,5,
BA21365-IK'DT-2040,2040,MD,2,17,E168,TZEEIOR 53,57,59,2,89.4,55,4,6,5,0,0,0.294117647,0,376.9063181,7,
BA21365-IK'DT-2041,2041,MD,2,17,E82,TZEEIOR 421,55,55,0,102.4,57,4,6,6,0,16.66666667,0.666666667,25,581.0457516,6,
BA21365-IK'DT-2042,2042,MD,2,17,E130,TZEEIOR 535,55,55,0,79.2,41,5,7,6,0,11.11111111,0.611111111,0,564.0522876,7,
BA21365-IK'DT-2043,2043,MD,2,17,E59,TZEEIOR 383,49,49,0,107.2,51.8,4,5,6,0,22.22222222,0.666666667,58.33333333,575.8169935,7,
BA21365-IK'DT-2044,2044,MD,2,17,E121,TZEEIOR 514,50,50,0,76,38,5,6,6,0,0,0.388888889,28.57142857,379.5206972,8,
BA21365-IK'DT-2045,2045,MD,2,17,E87,TZEEIOR 432,48,47,1,108.2,35.4,4,7,5,0,0,0.555555556,10,965.1416122,7,
BA21365-IK'DT-2046,2046,MD,2,18,E91,TZEEIOR 444,53,54,1,100,51.2,3,7,6,0,0,0.5,0,568.627451,7,
BA21365-IK'DT-2047,2047,MD,2,18,E84,TZEEIOR 424,50,50,0,89.2,40.4,3,5,8,0,0,0.166666667,33.33333333,76.16557734,8,
BA21365-IK'DT-2048,2048,MD,2,18,E99,TZEEIOR 462,51,51,0,97.4,36.4,4,6,6,0,0,0.611111111,36.36363636,566.0130719,7,
BA21365-IK'DT-2049,2049,MD,2,18,E4,TZEEIOR 282,52,52,0,80.4,34,3,7,6,0,0,0.666666667,50,579.0849673,6,
BA21365-IK'DT-2050,2050,MD,2,18,E114,TZEEIOR 500,53,53,0,93.6,48.2,3,2,6,0,0,0.5,22.22222222,575.8169935,7,
BA21365-IK'DT-2051,2051,MD,2,18,E167,TZEEIOR 32,60,60,0,54.6,32.6,5,5,6,0,0,0.5,0,383.0065359,5,
BA21365-IK'DT-2052,2052,MD,2,18,E78,TZEEIOR 412,51,51,0,89,31,5,5,5,0,0,0.833333333,26.66666667,967.3202614,5,
BA21365-IK'DT-2053,2053,MD,2,18,E124,TZEEIOR 522,52,52,0,91.4,58,5,5,6,0,18.75,0.8125,0,757.2984749,6,
BA21365-IK'DT-2054,2054,MD,2,18,E152,TZdEEI 13,55,55,0,92.4,35.4,3,5,6,0,0,0.722222222,0,570.5882353,5,
BA21365-IK'DT-2055,2055,MD,2,18,E131,TZEEIOR 537,51,50,1,90.2,39.2,5,7,5,0,11.11111111,0.666666667,8.333333333,770.3703704,6,
BA21365-IK'DT-2056,2056,MD,2,18,E170,TZEEIOR 76,58,58,0,103.2,40.4,3,4,6,0,0,0.555555556,0,569.2810458,5,
BA21365-IK'DT-2057,2057,MD,2,18,E28,TZEEIOR 323,51,51,0,99.2,37,4,4,5,0,0,0.888888889,25,776.4705882,5,
BA21365-IK'DT-2058,2058,MD,2,18,E8,TZEEIOR 288,53,52,1,87.8,33,3,6,5,0,0,0.388888889,14.28571429,578.4313725,5,
BA21365-IK'DT-2059,2059,MD,2,18,E101,TZEEIOR 464,50,50,0,86.6,39.4,3,6,6,0,0,0.444444444,0,379.5206972,5,
BA21365-IK'DT-2060,2060,MD,2,18,E68,TZEEIOR 396,57,56,1,87.8,49.4,3,6,5,0,0,0.529411765,33.33333333,751.1982571,5,
BA21365-IK'DT-2061,2061,MD,2,19,E37,TZEEIOR 343,56,57,1,67.8,25.2,5,7,6,0,0,0.625,70,385.620915,5,
BA21365-IK'DT-2062,2062,MD,2,19,E137,TZEEIOR 545,53,53,0,108,55,3,6,4,0,0,0.722222222,23.07692308,1147.712418,5,
BA21365-IK'DT-2063,2063,MD,2,19,E154,TZEEI 63,55,56,1,95.4,32.2,1,4,6,0,0,0.444444444,0,387.7995643,5,
BA21365-IK'DT-2064,2064,MD,2,19,E14,TZEEIOR 298,58,59,1,87.4,41.4,3,6,6,0,0,0.5,0,390.8496732,5,
BA21365-IK'DT-2065,2065,MD,2,19,E97,TZEEIOR 460,51,51,0,99.2,54,4,6,5,0,16.66666667,0.833333333,26.66666667,769.4989107,5,
BA21365-IK'DT-2066,2066,MD,2,19,E149,TZEEIOR 146,59,59,0,83.4,47,2,7,6,0,0,0.555555556,0,567.9738562,5,
BA21365-IK'DT-2067,2067,MD,2,19,E52,TZEEIOR 373,53,52,1,98.6,52.2,3,8,5,0,0,0.666666667,33.33333333,957.5163399,6,
BA21365-IK'DT-2068,2068,MD,2,19,E140,TZEEIOR 550,53,53,0,91.6,36.6,3,8,6,0,11.76470588,0.235294118,50,397.3856209,7,
BA21365-IK'DT-2069,2069,MD,2,19,E111,TZEEIOR 493,59,59,0,72,42.8,3,6,8,0,0,0.111111111,50,39.08496732,8,
BA21365-IK'DT-2070,2070,MD,2,19,E197,TZEEIOR 381,55,55,0,73.6,44.6,7,3,8,0,0,0.235294118,100,195.6427015,8,
BA21365-IK'DT-2071,2071,MD,2,19,E162,TZEEIOR 91,56,57,1,94.8,49.2,5,3,5,0,0,0.722222222,15.38461538,753.8126362,5,
BA21365-IK'DT-2072,2072,MD,2,19,E27,TZEEIOR 322,52,52,0,102,48.4,3,6,6,0,0,0.333333333,0,570.5882353,6,
BA21365-IK'DT-2073,2073,MD,2,19,E123,TZEEIOR 521,49,48,1,115.2,69,3,5,3,0,33.33333333,1.277777778,17.39130435,1960.784314,4,
BA21365-IK'DT-2074,2074,MD,2,19,E179,TZEEIOR 85,57,59,2,108.8,64.6,3,7,7,0,0,0.294117647,0,192.1568627,4,
BA21365-IK'DT-2075,2075,MD,2,19,E39,TZEEIOR 345,47,46,1,90.8,43,4,6,4,0,0,1.055555556,47.36842105,972.7668845,6,
BA21365-IK'DT-2076,2076,MD,2,20,E142,TZEEIOR 42,60,61,1,96.2,50.4,3,3,7,0,0,0.181818182,0,195.4248366,4,
BA21365-IK'DT-2077,2077,MD,2,20,E53,TZEEIOR 375,47,46,1,90.8,35.4,3,5,5,0,0,0.777777778,28.57142857,577.7777778,7,
BA21365-IK'DT-2078,2078,MD,2,20,E29,TZEEIOR 324,50,50,0,99.4,39.2,2,5,5,0,0,0.4375,28.57142857,388.2352941,7,
BA21365-IK'DT-2079,2079,MD,2,20,E44,TZEEIOR 356,55,55,0,103.6,45.4,3,6,5,0,0,0.888888889,18.75,943.3551198,5,
BA21365-IK'DT-2080,2080,MD,2,20,E25,TZEEIOR 314,55,55,0,102.4,40.2,3,6,4,0,0,0.666666667,25,952.0697168,6,
BA21365-IK'DT-2081,2081,MD,2,20,E146,TZEEIOR 125,60,61,1,99.2,53,3,3,9,0,0,0.833333333,0,195.4248366,3,
BA21365-IK'DT-2082,2082,MD,2,20,E47,TZEEIOR 365,58,59,1,74.4,44.2,2,6,8,0,0,0.166666667,100,199.3464052,7,
BA21365-IK'DT-2083,2083,MD,2,20,E188,TZEEIOR 202,58,59,1,116.8,54,1,6,6,0,0,0.222222222,25,193.4640523,5,
BA21365-IK'DT-2084,2084,MD,2,20,E96,TZEEIOR 458,55,55,0,91.6,48.4,3,7,4,0,0,0.888888889,12.5,1133.333333,4,
BA21365-IK'DT-2085,2085,MD,2,20,E200,TZEEIOR 28,59,62,3,111.2,36.2,3,6,8,0,0,0.0625,0,81.39433551,5,
BA21365-IK'DT-2086,2086,MD,2,20,E11,TZEEIOR 291,61,59,2,87.4,41.2,2,5,5,0,0,0.666666667,0,386.9281046,6,
BA21365-IK'DT-2087,2087,MD,2,20,E49,TZEEIOR 367,56,56,0,78,37,4,6,5,0,0,0.777777778,57.14285714,566.0130719,4,
BA21365-IK'DT-2088,2088,MD,2,20,E138,TZEEIOR 547,56,56,0,80.6,40,3,6,5,0,16.66666667,0.833333333,33.33333333,745.9694989,3,
BA21365-IK'DT-2089,2089,MD,2,20,E85,TZEEIOR 426,54,54,0,85.8,37.2,2,6,5,0,0,0.555555556,30,572.5490196,6,
BA21365-IK'DT-2090,2090,MD,2,20,E89,TZEEIOR 437,56,56,0,80.6,38.6,3,5,6,0,0,0.666666667,83.33333333,576.4705882,5,
BA21365-IK'DT-2091,2091,MD,2,21,E207,Check 3 -TZdEEI 12              ,54,54,0,95.8,42.6,3,6,6,0,0,0.5,22.22222222,583.0065359,6,
BA21365-IK'DT-2092,2092,MD,2,21,E19,TZEEIOR 304,51,50,1,99.8,49.8,5,6,5,0,0,0.666666667,41.66666667,981.4814815,6,
BA21365-IK'DT-2093,2093,MD,2,21,E50,TZEEIOR 368,48,49,1,91,35,4,6,6,0,0,0.823529412,28.57142857,779.0849673,6,
BA21365-IK'DT-2094,2094,MD,2,21,E160,TZEEIOR 109,54,55,1,88.6,44.8,5,5,7,0,0,0.277777778,20,375.5991285,5,
BA21365-IK'DT-2095,2095,MD,2,21,E3,TZEEIOR 281,52,53,1,101.6,48.8,7,4,6,0,0,0.388888889,28.57142857,572.5490196,6,
BA21365-IK'DT-2096,2096,MD,2,21,E17,TZEEIOR 301,54,54,0,105,52,3,3,4,0,0,0.777777778,14.28571429,1319.172113,5,
BA21365-IK'DT-2097,2097,MD,2,21,E144,TZEEIOR 102,49,48,1,119,64.4,3,6,3,0,0,0.888888889,0,1421.176471,4,
BA21365-IK'DT-2098,2098,MD,2,21,E26,TZEEIOR 321,50,48,2,320,54.8,3,3,3,0,0,0.833333333,40,1774.509804,4,
BA21365-IK'DT-2099,2099,MD,2,21,E18,TZEEIOR 302,54,56,2,125.2,36.8,3,6,5,0,0,0.5,22.22222222,768.627451,7,
BA21365-IK'DT-2100,2100,MD,2,21,E139,TZEEIOR 548,52,52,0,90.2,36.8,3,3,4,0,0,0.722222222,0,946.6230937,7,
BA21365-IK'DT-2101,2101,MD,2,21,E81,TZEEIOR 417,50,49,1,97.8,40.4,2,3,5,0,22.22222222,0.555555556,0,575.8169935,7,
BA21365-IK'DT-2102,2102,MD,2,21,E185,TZEEIOR 221,57,58,1,111.2,61.4,3,6,6,0,11.11111111,0.444444444,0,385.1851852,4,
BA21365-IK'DT-2103,2103,MD,2,21,E35,TZEEIOR 336,52,52,0,112.8,54,5,5,5,0,0,0.944444444,52.94117647,1570.37037,4,
BA21365-IK'DT-2104,2104,MD,2,21,E166,TZEEIOR 145,56,57,1,97,47.8,1,6,4,0,0,0.833333333,0,1126.797386,6,
BA21365-IK'DT-2105,2105,MD,2,21,E172,TZEEIOR 100,59,59,0,117.6,63.4,2,5,4,0,0,0.777777778,0,1141.176471,6,
BA21365-IK'DT-2106,2106,MD,2,22,E103,TZEEIOR 470,56,56,0,100.8,46.2,3,5,3,0,0,0.555555556,0,1125.490196,6,
BA21365-IK'DT-2107,2107,MD,2,22,E122,TZEEIOR 515,50,50,0,101,27.2,5,4,5,0,0,0.666666667,16.66666667,577.124183,5,
BA21365-IK'DT-2108,2108,MD,2,22,E158,TZEEI 81,56,58,2,105.2,48.2,1,6,5,0,0,0.647058824,0,572.5490196,4,
BA21365-IK'DT-2109,2109,MD,2,22,E61,TZEEIOR 386,54,53,1,90.4,39.6,3,5,5,0,11.11111111,0.833333333,13.33333333,961.8736383,5,
BA21365-IK'DT-2110,2110,MD,2,22,E173,TZEEIOR 195,59,61,2,129.6,50.4,3,3,6,0,0,0.666666667,0,388.2352941,4,
BA21365-IK'DT-2111,2111,MD,2,22,E105,TZEEIOR 476,56,55,1,99,54,3,6,5,0,0,0.777777778,28.57142857,1150.326797,6,
BA21365-IK'DT-2112,2112,MD,2,22,E66,TZEEIOR 394,52,51,1,95,53,3,4,3,0,0,0.882352941,26.66666667,1688.235294,5,
BA21365-IK'DT-2113,2113,MD,2,22,E192,TZEEIOR 526,55,55,0,73.2,34.4,2,5,6,0,0,0.333333333,50,384.3137255,7,
BA21365-IK'DT-2114,2114,MD,2,22,E155,TZEEI 64,51,51,0,102.8,49.2,1,4,4,0,0,0.714285714,0,1150.326797,4,
BA21365-IK'DT-2115,2115,MD,2,22,E48,TZEEIOR 366,53,52,1,90.8,41,3,4,5,0,0,0.777777778,28.57142857,964.0522876,4,
BA21365-IK'DT-2116,2116,MD,2,22,E205,Check 1 -TZdEEI 4                 ,49,49,0,128,50.6,5,3,2,0,0,0.833333333,26.66666667,1696.078431,4,
BA21365-IK'DT-2117,2117,MD,2,22,E12,TZEEIOR 292,53,52,1,94.8,49.4,3,3,5,0,0,0.944444444,11.76470588,1358.823529,5,
BA21365-IK'DT-2118,2118,MD,2,22,E157,TZEEI 76,46,47,1,126.2,63.4,1,4,4,0,0,1.055555556,15.78947368,1976.034858,5,
BA21365-IK'DT-2119,2119,MD,2,22,E106,TZEEIOR 477,46,45,1,132.2,58,1,4,4,0,12.5,0.9375,13.33333333,1528.540305,5,
BA21365-IK'DT-2120,2120,MD,2,22,E181,TZEEIOR 45,51,51,0,137.6,69,1,7,5,0,0,0.777777778,0,1130.718954,6,
BA21365-IK'DT-2121,2121,MD,2,23,E31,TZEEIOR 330,49,48,1,103.2,44.4,3,5,4,0,0,0.944444444,23.52941176,1897.603486,5,
BA21365-IK'DT-2122,2122,MD,2,23,E118,TZEEIOR 508,53,53,0,92.8,92.8,3,6,5,0,0,0.722222222,15.38461538,780.8278867,6,
BA21365-IK'DT-2123,2123,MD,2,23,E156,TZEEI 68,,,,,,,,,,,,,,,
BA21365-IK'DT-2124,2124,MD,2,23,E74,TZEEIOR 404,52,52,0,108.2,48,3,6,5,0,0,0.777777778,0,1580.827887,5,
BA21365-IK'DT-2125,2125,MD,2,23,E56,TZEEIOR 378,60,59,1,80.6,41.6,3,6,7,0,0,0.277777778,0,77.55991285,6,
BA21365-IK'DT-2126,2126,MD,2,23,E176,TZEEIOR 203,57,57,0,85.2,27.8,3,6,7,0,0,0.666666667,0,194.7712418,5,
BA21365-IK'DT-2127,2127,MD,2,23,E151,TZEEIOR 249,61,59,2,91.2,43.6,3,8,7,0,0,0.444444444,0,76.8627451,5,
BA21365-IK'DT-2128,2128,MD,2,23,E177,TZEEIOR 31,58,58,0,68.2,31.2,3,6,6,0,0,0.388888889,14.28571429,113.8562092,5,
BA21365-IK'DT-2129,2129,MD,2,23,E24,TZEEIOR 313,53,53,0,92.8,44.2,3,7,5,0,0,0.666666667,8.333333333,584.3137255,6,
BA21365-IK'DT-2130,2130,MD,2,23,E147,TZEEIOR 139,61,61,0,105.8,47.2,3,6,8,0,0,0.125,0,87.1459695,6,
BA21365-IK'DT-2131,2131,MD,2,23,E83,TZEEIOR 422,53,53,0,105.8,47.2,3,3,5,0,16.66666667,0.722222222,7.692307692,1004.880174,5,
BA21365-IK'DT-2132,2132,MD,2,23,E133,TZEEIOR 539,49,49,0,73.2,23.8,3,3,5,0,0,0.444444444,0,582.3529412,6,
BA21365-IK'DT-2133,2133,MD,2,23,E109,TZEEIOR 481,50,50,0,95.2,34.4,4,5,6,0,0,0.529411765,0,654.8148148,6,
BA21365-IK'DT-2134,2134,MD,2,23,E94,TZEEIOR 452,50,50,0,103.6,54.8,3,6,5,0,11.76470588,0.882352941,0,974.9455338,7,
BA21365-IK'DT-2135,2135,MD,2,23,E195,TZEEIOR 510,52,52,0,128.2,60.2,3,7,2,0,0,1.444444444,11.53846154,2492.374728,5,
BA21365-IK'DT-2136,2136,MD,2,24,E5,TZEEIOR 283,51,51,0,102.2,53.4,4,4,5,0,0,1,5.882352941,960.7843137,6,
BA21365-IK'DT-2137,2137,MD,2,24,E41,TZEEIOR 350,53,54,1,97.4,30,3,6,5,0,0,0.666666667,0,571.2418301,5,
BA21365-IK'DT-2138,2138,MD,2,24,E107,TZEEIOR 478,51,51,0,72.4,32.8,3,5,5,0,0,0.777777778,14.28571429,767.7559913,8,
BA21365-IK'DT-2139,2139,MD,2,24,E126,TZEEIOR 524,51,51,0,113.8,63.2,3,6,3,0,0,1.25,0,2072.984749,5,
BA21365-IK'DT-2140,2140,MD,2,24,E178,TZEEIOR 10,55,56,1,101,50.2,3,7,6,0,0,0.388888889,14.28571429,569.2810458,6,
BA21365-IK'DT-2141,2141,MD,2,24,E203,TZEEIOR 507,51,51,0,113.4,68,3,4,4,0,0,1,0,1512.854031,7,
BA21365-IK'DT-2142,2142,MD,2,24,E10,TZEEIOR 290,53,53,0,95.6,40,5,3,5,0,0,0.5625,11.11111111,849.3246187,6,
BA21365-IK'DT-2143,2143,MD,2,24,E36,TZEEIOR 340,53,53,0,104.2,43.2,3,3,5,0,0,0.625,30,760.7843137,7,
BA21365-IK'DT-2144,2144,MD,2,24,E45,TZEEIOR 357,51,50,1,111,48.8,3,4,3,0,0,1.277777778,8.695652174,2438.562092,5,
BA21365-IK'DT-2145,2145,MD,2,24,E98,TZEEIOR 461,48,48,0,102,37.8,3,5,5,0,16.66666667,1.055555556,5.263157895,965.1416122,6,
BA21365-IK'DT-2146,2146,MD,2,24,E183,TZEEIOR 108,53,54,1,103.6,49.4,3,5,4,0,0,0.888888889,0,1518.082789,3,
BA21365-IK'DT-2147,2147,MD,2,24,E125,TZEEIOR 523,51,51,0,106,61.4,3,4,3,0,0,1.166666667,4.761904762,1956.427015,5,
BA21365-IK'DT-2148,2148,MD,2,24,E150,TZEEIOR 161,56,58,2,139,77.6,3,5,5,0,22.22222222,0.888888889,6.25,959.6949891,5,
BA21365-IK'DT-2149,2149,MD,2,24,E79,TZEEIOR 413,49,48,1,124.6,66,3,6,5,0,16.66666667,0.888888889,12.5,1208.932462,5,
BA21365-IK'DT-2150,2150,MD,2,24,E163,TZEEIOR 29,53,54,1,128.4,65.8,1,5,5,0,0,0.823529412,0,1125.490196,6,
BA21365-IK'DT-2151,2151,MD,2,25,E143,TZEEIOR 99,57,58,1,106,52.2,3,6,5,0,0,0.611111111,0,1139.869281,4,
BA21365-IK'DT-2152,2152,MD,2,25,E116,TZEEIOR 504,51,51,0,104.2,44.4,3,6,4,0,0,0.944444444,5.882352941,1352.723312,5,
BA21365-IK'DT-2153,2153,MD,2,25,E55,TZEEIOR 377,51,49,2,91.2,34.6,3,4,5,0,0,0.875,0,1246.535948,6,
BA21365-IK'DT-2154,2154,MD,2,25,E67,TZEEIOR 395,53,52,1,98.8,52,3,5,5,0,0,0.6875,9.090909091,806.1437908,5,
BA21365-IK'DT-2155,2155,MD,2,25,E202,TZEEIOR 497,52,50,2,110,46,3,6,5,0,0,0.705882353,0,962.962963,6,
BA21365-IK'DT-2156,2156,MD,2,25,E186,TZEEIOR 125,56,56,0,119.2,56.2,3,4,5,0,0,1.0625,0,970.5882353,4,
BA21365-IK'DT-2157,2157,MD,2,25,E129,TZEEIOR 529,47,46,1,111.2,48.2,3,5,5,0,0,0.833333333,0,967.3202614,6,
BA21365-IK'DT-2158,2158,MD,2,25,E171,TZEEIOR 5,55,54,1,85.2,38,1,4,4,0,0,0.722222222,0,953.1590414,5,
BA21365-IK'DT-2159,2159,MD,2,25,E51,TZEEIOR 371,54,53,1,101,37,3,6,5,0,0,0.833333333,0,964.0522876,4,
BA21365-IK'DT-2160,2160,MD,2,25,E65,TZEEIOR 392,53,53,0,111,44.2,3,6,5,0,0,0.666666667,8.333333333,956.4270153,4,
BA21365-IK'DT-2161,2161,MD,2,25,E134,TZEEIOR 540,51,51,0,107,44.4,2,3,4,0,0,1.055555556,0,1424.313725,5,
BA21365-IK'DT-2162,2162,MD,2,25,E16,TZEEIOR 300,51,51,0,80.6,33.8,3,6,6,0,0,0.75,33.33333333,376.4705882,5,
BA21365-IK'DT-2163,2163,MD,2,25,E58,TZEEIOR 380,53,53,0,80.4,38.4,3,5,6,0,0,0.545454545,33.33333333,755.5555556,5,
BA21365-IK'DT-2164,2164,MD,2,25,E199,TZEEIOR 41,58,61,3,104.8,44,1,4,8,0,0,0.235294118,0,79.21568627,6,
BA21365-IK'DT-2165,2165,MD,2,25,E174,TZEEIOR 123,58,56,2,81.6,37,3,7,5,0,0,0.583333333,0,569.9346405,3,
BA21365-IK'DT-2166,2166,MD,2,26,E165,TZEEIOR 35,58,56,2,103.8,46,3,5,5,0,0,0.529411765,55.55555556,779.956427,5,
BA21365-IK'DT-2167,2167,MD,2,26,E62,TZEEIOR 388,54,54,0,95.2,42.6,5,6,5,0,0,0.611111111,45.45454545,1149.019608,5,
BA21365-IK'DT-2168,2168,MD,2,26,E69,TZEEIOR 397,52,52,0,92.2,39.2,3,6,6,0,0,0.928571429,76.92307692,576.4705882,7,
BA21365-IK'DT-2169,2169,MD,2,26,E182,TZEEIOR 167,57,56,1,116.4,58,3,3,5,0,0,1,33.33333333,959.6949891,6,
BA21365-IK'DT-2170,2170,MD,2,26,E209,Check 5 -TZdEEI 7                ,53,53,0,87,37.2,1,3,6,0,14.28571429,0.642857143,22.22222222,387.7995643,6,
BA21365-IK'DT-2171,2171,MD,2,26,E187,TZEEIOR 97,61,62,1,104,50.6,3,7,7,0,0,0.444444444,0,389.9782135,4,
BA21365-IK'DT-2172,2172,MD,2,26,E127,TZEEIOR 527,49,49,0,108.8,41.4,3,6,5,0,22.22222222,0.777777778,35.71428571,834.9455338,6,
BA21365-IK'DT-2173,2173,MD,2,26,E184,TZEEIOR 104,50,48,2,139.4,65,3,3,3,0,0,1.125,0,1363.398693,4,
BA21365-IK'DT-2174,2174,MD,2,26,E194,TZEEIOR 536,57,57,0,85,53.6,3,6,6,0,0,0.588235294,0,583.0065359,6,
BA21365-IK'DT-2175,2175,MD,2,26,E34,TZEEIOR 335,51,50,1,112.8,42,4,6,5,0,0,0.833333333,40,1372.54902,5,
BA21365-IK'DT-2176,2176,MD,2,26,E102,TZEEIOR 469,54,54,0,117,57.2,3,2,4,0,0,0.666666667,25,1545.969499,6,
BA21365-IK'DT-2177,2177,MD,2,26,E193,TZEEIOR 486,56,56,0,89.6,47.2,3,5,6,0,0,0.375,33.33333333,584.9673203,6,
BA21365-IK'DT-2178,2178,MD,2,26,E7,TZEEIOR 287,52,50,2,90.8,45.4,4,4,5,0,0,0.388888889,28.57142857,575.8169935,7,
BA21365-IK'DT-2179,2179,MD,2,26,E119,TZEEIOR 509,52,52,0,97.8,56,3,4,5,0,0,0.705882353,25,776.4705882,6,
BA21365-IK'DT-2180,2180,MD,2,26,E23,TZEEIOR 311,48,48,0,105,39.4,3,8,4,0,0,0.777777778,28.57142857,1332.897603,6,
BA21365-IK'DT-2181,2181,MD,2,27,E72,TZEEIOR 400,50,49,1,90.2,37.4,3,6,3,0,23.52941176,1,23.52941176,1949.891068,3,
BA21365-IK'DT-2182,2182,MD,2,27,E92,TZEEIOR 445,51,51,0,103.8,48.8,3,5,3,0,0,1,11.11111111,1739.215686,4,
BA21365-IK'DT-2183,2183,MD,2,27,E80,TZEEIOR 415,48,47,1,95.2,39.6,3,4,6,0,0,0.3125,20,384.7494553,8,
BA21365-IK'DT-2184,2184,MD,2,27,E159,TZEEI 82,48,49,1,106.8,42.6,2,3,4,0,0,0.875,42.85714286,989.0196078,5,
BA21365-IK'DT-2185,2185,MD,2,27,E43,TZEEIOR 355,50,49,1,124,55.4,2,4,2,0,11.11111111,0.888888889,12.5,2526.361656,4,
BA21365-IK'DT-2186,2186,MD,2,27,E135,TZEEIOR 542,52,52,0,116.6,50.6,3,5,5,0,0,0.5,0,770.3703704,4,
BA21365-IK'DT-2187,2187,MD,2,27,E136,TZEEIOR 543,56,56,0,102.8,57.4,3,6,4,0,0,0.777777778,21.42857143,1532.026144,5,
BA21365-IK'DT-2188,2188,MD,2,27,E117,TZEEIOR 505,50,50,0,120,1347.6,3,5,3,0,0,1.111111111,20,2099.346405,5,
BA21365-IK'DT-2189,2189,MD,2,27,E22,TZEEIOR 310,50,50,0,102.2,26.2,5,5,6,0,0,0.375,33.33333333,384.3137255,5,
BA21365-IK'DT-2190,2190,MD,2,27,E132,TZEEIOR 538,48,47,1,109.8,46,3,6,5,0,21.42857143,1.285714286,0,959.6949891,3,
BA21365-IK'DT-2191,2191,MD,2,27,E161,TZEEIOR 38,58,56,2,106.6,55.4,3,6,4,0,0,0.888888889,12.5,1360.348584,4,
BA21365-IK'DT-2192,2192,MD,2,27,E164,TZEEIOR 126,52,52,0,90.8,38.4,3,5,4,0,33.33333333,1.583333333,0,1162.091503,5,
BA21365-IK'DT-2193,2193,MD,2,27,E70,TZEEIOR 398,49,47,2,100.6,45.8,3,4,5,0,0,1.125,22.22222222,1179.084967,5,
BA21365-IK'DT-2194,2194,MD,2,27,E6,TZEEIOR 284,55,55,0,96.4,51.4,2,4,6,0,0,0.5,44.44444444,583.6601307,6,
BA21365-IK'DT-2195,2195,MD,2,27,E110,TZEEIOR 491,52,53,1,103.2,45.8,3,6,5,0,0,0.777777778,21.42857143,773.8562092,6,
BA21365-IK'DT-2196,2196,MD,2,28,E38,TZEEIOR 344,52,52,0,103.6,36.8,3,4,4,0,0,0.888888889,37.5,1168.627451,5,
BA21365-IK'DT-2197,2197,MD,2,28,E180,TZEEIOR 197,55,56,1,115.8,50.6,3,8,4,0,0,1,0,1346.623094,4,
BA21365-IK'DT-2198,2198,MD,2,28,E30,TZEEIOR 329,51,51,0,87.2,38.4,3,8,5,0,0,1.111111111,30,1367.973856,4,
BA21365-IK'DT-2199,2199,MD,2,28,E204,TZEEIOR 339,54,54,0,93.6,34.6,3,3,5,0,0,0.666666667,16.66666667,768.627451,6,
BA21365-IK'DT-2200,2200,MD,2,28,E54,TZEEIOR 376,47,47,0,100,49,5,5,5,0,0,0.777777778,35.71428571,937.9084967,4,
BA21365-IK'DT-2201,2201,MD,2,28,E9,TZEEIOR 289,58,57,1,81.4,30.8,3,6,6,0,0,0.5625,22.22222222,577.7777778,6,
BA21365-IK'DT-2202,2202,MD,2,28,E141,TZEEIOR 11,59,61,2,67.6,32.4,3,4,6,0,0,0.5,25,379.956427,5,
BA21365-IK'DT-2203,2203,MD,2,28,E20,TZEEIOR 305,56,57,1,80.8,33.6,3,2,6,0,0,0.333333333,50,385.620915,7,
BA21365-IK'DT-2204,2204,MD,2,28,E145,TZEEIOR 123,57,55,2,90.4,43.8,3,5,5,0,27.77777778,0.777777778,21.42857143,776.4705882,4,
BA21365-IK'DT-2205,2205,MD,2,28,E71,TZEEIOR 399,56,56,0,99.6,52,3,4,5,0,0,0.411764706,42.85714286,571.2418301,3,
BA21365-IK'DT-2206,2206,MD,2,28,E40,TZEEIOR 346,50,50,0,88.2,40.2,3,7,6,0,0,0.555555556,40,581.6993464,6,
BA21365-IK'DT-2207,2207,MD,2,28,E210,Check 6 -TZdEEI 9                ,,,,,,,,,,,,,,,
BA21365-IK'DT-2208,2208,MD,2,28,E100,TZEEIOR 463,46,45,1,100.6,39.4,3,,4,0,33.33333333,0.833333333,0,754.6840959,8,
BA21365-IK'DT-2209,2209,MD,2,28,E206, Check 2 -TZdEEI 2               ,55,54,1,120.4,54.2,3,4,5,0,0,1.125,11.11111111,575.1633987,5,
BA21365-IK'DT-2210,2210,MD,2,28,E208, Check 4 -TZEEI 95               ,49,49,0,82.8,23,2,,7,0,0,0.333333333,0,191.9389978,7,
BA22365-IK'OPT-2001,2211,WW,2,15,E13,TZEEIOR 296,59,58,1,113.2,48.2,3,4,5,0,0,0.88,14.29,2301.786492,,4
BA22365-IK'OPT-2002,2212,WW,2,15,E90,TZEEIOR 441,51,50,1,143.6,60,2,2,3,0,20,1,6.67,4979.084967,,3
BA22365-IK'OPT-2003,2213,WW,2,15,E196,TZEEIOR 349,53,53,0,122.8,69.6,3,3,4,0,26.67,1.13,5.88,3843.137255,,4
BA22365-IK'OPT-2004,2214,WW,2,15,E148,TZEEIOR 140,55,55,0,124.2,50,4,4,4,0,0,0.88,0,4401.830065,,3
BA22365-IK'OPT-2005,2215,WW,2,15,E32,TZEEIOR 333,55,55,0,82,35.2,5,7,6,0,28.57,0.5,28.57,765.1416122,,7
BA22365-IK'OPT-2006,2216,WW,2,15,E77,TZEEIOR 407,57,57,0,85,36.6,3,4,5,0,52.94,0.88,13.33,1900,,3
BA22365-IK'OPT-2007,2217,WW,2,15,E86,TZEEIOR 427,55,55,0,115,49.8,2,2,3,0,11.11,1,16.67,3902.222222,,3
BA22365-IK'OPT-2008,2218,WW,2,15,E42,TZEEIOR 352,53,52,1,84.8,46.2,4,3,4,0,23.08,0.92,8.33,3077.995643,,5
BA22365-IK'OPT-2009,2219,WW,2,15,E64,TZEEIOR 391,58,57,1,66,34.4,5,7,6,0,50,0.28,20,431.372549,,8
BA22365-IK'OPT-2010,2220,WW,2,15,E1,TZEEIOR 279,51,50,1,129,62,2,4,3,0,43.75,0.69,0,3084.96732,,3
BA22365-IK'OPT-2011,2221,WW,2,15,E175,TZEEIOR 24,58,59,1,118.8,46.6,3,5,5,0,18.75,0.56,0,1137.254902,,4
BA22365-IK'OPT-2012,2222,WW,2,15,E73,TZEEIOR 403,53,52,1,92.4,49.2,4,3,4,0,0,1,17.65,3960.610022,,3
BA22365-IK'OPT-2013,2223,WW,2,15,E46,TZEEIOR 361,53,53,0,80.2,34.6,4,4,5,0,5.56,0.78,7.14,1977.777778,,5
BA22365-IK'OPT-2014,2224,WW,2,15,E108,TZEEIOR 479,52,51,1,107,49.2,2,3,4,0,11.11,1.28,4.35,3415.686275,,3
BA22365-IK'OPT-2015,2225,WW,2,15,E76,TZEEIOR 406,54,54,0,125,57.2,4,1,3,0,0,1.94,36.36,9411.764706,,2
BA22365-IK'OPT-2016,2226,WW,2,16,E153,TZEEI 58,55,57,2,139.6,56.2,2,5,4,0,17.65,0.59,0,1854.030501,,3
BA22365-IK'OPT-2017,2227,WW,2,16,E112,TZEEIOR 494,51,51,0,86.2,39.2,3,3,3,0,33.33,1,11.11,3081.176471,,2
BA22365-IK'OPT-2018,2228,WW,2,16,E75,TZEEIOR 405,53,52,1,113.4,47.8,3,3,4,0,47.06,0.94,6.25,3868.366013,,3
BA22365-IK'OPT-2019,2229,WW,2,16,E128,TZEEIOR 528,50,50,0,107.8,37.6,2,3,3,0,64.29,0.93,7.69,2942.04793,,2
BA22365-IK'OPT-2020,2230,WW,2,16,E2,TZEEIOR 280,52,52,0,111.2,41.4,4,5,5,0,56.25,0.75,8.33,1542.48366,,3
BA22365-IK'OPT-2021,2231,WW,2,16,E120,TZEEIOR 513,52,51,1,113,46.2,2,2,4,0,17.65,1.59,7.41,5901.830065,,2
BA22365-IK'OPT-2022,2232,WW,2,16,E88,TZEEIOR 434,51,51,0,101.4,34.4,3,3,4,0,5.88,1,5.88,3497.254902,,3
BA22365-IK'OPT-2023,2233,WW,2,16,E191,TZEEIOR 525,53,54,1,109,41.6,3,4,4,0,0,0.8,0,2635.294118,,3
BA22365-IK'OPT-2024,2234,WW,2,16,E169,TZEEIOR 113,54,54,0,116.4,39.8,3,5,5,0,0,0.78,7.14,1547.712418,,3
BA22365-IK'OPT-2025,2235,WW,2,16,E189,TZEEIOR 205,53,54,1,149,81.4,4,3,3,0,0,1,6.25,4347.668845,,2
BA22365-IK'OPT-2026,2236,WW,2,16,E95,TZEEIOR 453,52,51,1,131.8,61.6,3,3,4,0,0,1,0,3043.137255,,4
BA22365-IK'OPT-2027,2237,WW,2,16,E15,TZEEIOR 299,53,53,0,126.6,68.2,3,2,3,0,17.65,1,5.88,3825.708061,,4
BA22365-IK'OPT-2028,2238,WW,2,16,E93,TZEEIOR 447,55,55,0,136,69.6,4,3,4,0,0,1.4,4.76,3718.736383,,3
BA22365-IK'OPT-2029,2239,WW,2,16,E104,TZEEIOR 471,59,58,1,138.2,57.2,3,3,5,0,6.25,1.13,0,1484.96732,,2
BA22365-IK'OPT-2030,2240,WW,2,16,E113,TZEEIOR 498,55,54,1,148.6,79.2,3,2,3,0,53.33,1.53,8.7,4613.28976,,3
BA22365-IK'OPT-2031,2241,WW,2,17,E33,TZEEIOR 334,52,52,0,134.6,65.2,2,3,4,0,27.78,1.17,9.52,4000,,3
BA22365-IK'OPT-2032,2242,WW,2,17,E190,TZEEIOR 209,56,56,0,123.6,62,4,4,5,0,0,0.88,14.29,1921.568627,,3
BA22365-IK'OPT-2033,2243,WW,2,17,E198,TZEEIOR 142,58,59,1,120.2,43.6,3,4,6,0,0,0.53,11.11,1150.326797,,4
BA22365-IK'OPT-2034,2244,WW,2,17,E57,TZEEIOR 379,55,55,0,83.6,32,4,6,5,0,27.27,0.55,33.33,780.8278867,,4
BA22365-IK'OPT-2035,2245,WW,2,17,E60,TZEEIOR 384,55,55,0,90.2,35.6,4,5,5,0,16.67,0.78,14.29,1551.198257,,3
BA22365-IK'OPT-2036,2246,WW,2,17,E201,TZEEIOR 250,58,58,0,138.8,59.8,6,4,4,0,7.69,0.69,11.11,1877.777778,,4
BA22365-IK'OPT-2037,2247,WW,2,17,E115,TZEEIOR 501,48,48,0,98.2,45.6,4,5,4,0,17.65,1,11.76,2723.747277,,3
BA22365-IK'OPT-2038,2248,WW,2,17,E21,TZEEIOR 306,52,51,1,108,47,4,4,5,0,52.94,0.94,12.5,3088.453159,,5
BA22365-IK'OPT-2039,2249,WW,2,17,E63,TZEEIOR 389,53,53,0,85.4,39.8,5,5,5,0,7.14,0.64,11.11,1151.633987,,6
BA22365-IK'OPT-2040,2250,WW,2,17,E168,TZEEIOR 53,57,57,0,73.8,36.2,5,6,8,0,0,0.33,33.33,429.9346405,,6
BA22365-IK'OPT-2041,2251,WW,2,17,E82,TZEEIOR 421,54,54,0,148.2,65.6,2,2,3,0,0,1.18,15,5047.058824,,3
BA22365-IK'OPT-2042,2252,WW,2,17,E130,TZEEIOR 535,54,53,1,122,59.2,3,4,4,0,11.11,0.83,20,2227.45098,,6
BA22365-IK'OPT-2043,2253,WW,2,17,E59,TZEEIOR 383,53,54,1,108,43.4,4,5,6,0,23.08,0.46,16.67,798.8235294,,4
BA22365-IK'OPT-2044,2254,WW,2,17,E121,TZEEIOR 514,53,53,0,95.4,46.6,2,2,2,0,12.5,1.44,13.04,3830.065359,,2
BA22365-IK'OPT-2045,2255,WW,2,17,E87,TZEEIOR 432,51,51,0,113.6,51.2,4,5,4,0,15.38,0.85,27.27,1554.248366,,5
BA22365-IK'OPT-2046,2256,WW,2,18,E91,TZEEIOR 444,52,52,0,148.2,72.2,3,3,3,0,5.88,1.24,4.76,4564.705882,,4
BA22365-IK'OPT-2047,2257,WW,2,18,E84,TZEEIOR 424,48,48,0,135.8,58.2,2,2,4,0,0,1,0,4284.96732,,3
BA22365-IK'OPT-2048,2258,WW,2,18,E99,TZEEIOR 462,49,49,0,129.2,49.2,3,3,3,0,0,1,6.25,3821.350763,,2
BA22365-IK'OPT-2049,2259,WW,2,18,E4,TZEEIOR 282,54,54,0,80.8,34.2,4,5,5,0,10,0.8,12.5,845.4901961,,3
BA22365-IK'OPT-2050,2260,WW,2,18,E114,TZEEIOR 500,50,50,0,116.2,56,4,4,4,0,11.11,0.94,17.65,2253.594771,,2
BA22365-IK'OPT-2051,2261,WW,2,18,E167,TZEEIOR 32,56,56,0,131,61.2,4,3,4,0,0,1.17,9.52,3064.052288,,4
BA22365-IK'OPT-2052,2262,WW,2,18,E78,TZEEIOR 412,50,50,0,108.6,49.8,3,3,5,0,0,1.06,11.76,2767.320261,,2
BA22365-IK'OPT-2053,2263,WW,2,18,E124,TZEEIOR 522,54,54,0,116.4,71,2,2,3,0,0,1.13,5.88,3740.740741,,2
BA22365-IK'OPT-2054,2264,WW,2,18,E152,TZdEEI 13,55,55,0,104.6,46.2,4,3,4,0,0,0.93,7.14,1509.368192,,2
BA22365-IK'OPT-2055,2265,WW,2,18,E131,TZEEIOR 537,50,50,0,114,46.2,4,3,4,0,0,0.87,15.38,1975.77342,,3
BA22365-IK'OPT-2056,2266,WW,2,18,E170,TZEEIOR 76,55,55,0,122.6,45.6,3,4,5,0,0,1,14.29,1957.777778,,5
BA22365-IK'OPT-2057,2267,WW,2,18,E28,TZEEIOR 323,49,49,0,111.8,44,4,5,4,0,0,0.82,7.14,1955.555556,,6
BA22365-IK'OPT-2058,2268,WW,2,18,E8,TZEEIOR 288,52,51,1,95,41.2,4,5,5,0,23.08,0.54,14.29,1166.013072,,4
BA22365-IK'OPT-2059,2269,WW,2,18,E101,TZEEIOR 464,51,51,0,105,43,3,5,4,0,0,1,7.69,1579.259259,,2
BA22365-IK'OPT-2060,2270,WW,2,18,E68,TZEEIOR 396,55,54,1,95.2,48.2,5,4,5,0,5.56,0.89,6.25,2779.607843,,5
BA22365-IK'OPT-2061,2271,WW,2,19,E37,TZEEIOR 343,53,54,1,86,32,5,5,5,0,16.67,0.67,16.67,1643.398693,,6
BA22365-IK'OPT-2062,2272,WW,2,19,E137,TZEEIOR 545,51,50,1,131.8,55,2,2,3,0,0,1,11.76,2976.906318,,3
BA22365-IK'OPT-2063,2273,WW,2,19,E154,TZEEI 63,59,61,2,111.8,38.2,5,6,8,0,0,0.33,0,0,,5
BA22365-IK'OPT-2064,2274,WW,2,19,E14,TZEEIOR 298,55,55,0,115.2,46.2,3,5,4,0,0,1.07,6.25,3137.254902,,3
BA22365-IK'OPT-2065,2275,WW,2,19,E97,TZEEIOR 460,52,51,1,112.8,53.8,3,2,4,0,20,1.4,4.76,3053.594771,,3
BA22365-IK'OPT-2066,2276,WW,2,19,E149,TZEEIOR 146,55,56,1,110.8,49,4,5,6,0,0,1.43,10,781.6993464,,5
BA22365-IK'OPT-2067,2277,WW,2,19,E52,TZEEIOR 373,50,48,2,121.4,65,4,4,4,0,11.76,1.24,14.29,3534.727669,,6
BA22365-IK'OPT-2068,2278,WW,2,19,E140,TZEEIOR 550,53,52,1,123,56.2,2,2,3,0,17.65,1.06,11.11,3816.993464,,2
BA22365-IK'OPT-2069,2279,WW,2,19,E111,TZEEIOR 493,57,57,0,113,64.2,3,3,3,0,38.89,1.33,8.33,4136.383442,,4
BA22365-IK'OPT-2070,2280,WW,2,19,E197,TZEEIOR 381,57,57,0,78.8,30.2,6,6,5,0,0,0.31,25,389.9782135,,5
BA22365-IK'OPT-2071,2281,WW,2,19,E162,TZEEIOR 91,56,57,1,101.6,55,6,5,4,0,16.67,0.78,14.29,1498.910675,,6
BA22365-IK'OPT-2072,2282,WW,2,19,E27,TZEEIOR 322,54,53,1,107.8,50.2,4,5,4,0,22.22,0.89,6.25,2682.222222,,6
BA22365-IK'OPT-2073,2283,WW,2,19,E123,TZEEIOR 521,53,53,0,124.6,61,4,3,3,0,0,1,11.76,3928.888889,,3
BA22365-IK'OPT-2074,2284,WW,2,19,E179,TZEEIOR 85,60,62,2,84,29.8,5,6,7,0,14.29,0.43,0,0,,4
BA22365-IK'OPT-2075,2285,WW,2,19,E39,TZEEIOR 345,48,47,1,82,36.2,4,5,5,100,0,0.89,12.5,1320,,3
BA22365-IK'OPT-2076,2286,WW,2,20,E142,TZEEIOR 42,55,57,2,99.4,40,4,5,5,0,0,0.4,0,0,,4
BA22365-IK'OPT-2077,2287,WW,2,20,E53,TZEEIOR 375,47,46,1,83,36.2,6,4,5,0,22.22,0.5,22.22,761.6557734,,6
BA22365-IK'OPT-2078,2288,WW,2,20,E29,TZEEIOR 324,51,50,1,100.4,42.2,4,5,4,0,22.22,0.89,43.75,1154.248366,,6
BA22365-IK'OPT-2079,2289,WW,2,20,E44,TZEEIOR 356,52,51,1,110.6,45,3,2,3,0,0,0.94,29.41,2700.784314,,3
BA22365-IK'OPT-2080,2290,WW,2,20,E25,TZEEIOR 314,53,52,1,110.8,48,5,3,4,0,5.88,1,41.18,2290.196078,,5
BA22365-IK'OPT-2081,2291,WW,2,20,E146,TZEEIOR 125,56,58,2,113,50.4,4,3,6,0,0,0.81,30.77,1135.947712,,3
BA22365-IK'OPT-2082,2292,WW,2,20,E47,TZEEIOR 365,57,57,0,92,34.2,4,5,7,0,0,0.75,77.78,778.2135076,,3
BA22365-IK'OPT-2083,2293,WW,2,20,E188,TZEEIOR 202,57,59,2,133.2,47.2,3,5,5,0,0,0.54,0,759.0413943,,3
BA22365-IK'OPT-2084,2294,WW,2,20,E96,TZEEIOR 458,52,51,1,123.4,61,4,2,3,0,0,1.35,43.48,4107.625272,,3
BA22365-IK'OPT-2085,2295,WW,2,20,E200,TZEEIOR 28,54,56,2,155.6,62.2,3,4,7,0,0,0.38,20,385.1851852,,3
BA22365-IK'OPT-2086,2296,WW,2,20,E11,TZEEIOR 291,53,52,1,122.4,61,3,3,5,0,0,0.89,31.25,3751.633987,,5
BA22365-IK'OPT-2087,2297,WW,2,20,E49,TZEEIOR 367,51,51,0,99.8,44.2,4,4,5,0,17.65,0.82,42.86,1958.605664,,5
BA22365-IK'OPT-2088,2298,WW,2,20,E138,TZEEIOR 547,56,55,1,122.4,57.2,3,2,4,0,0,1.13,66.67,4208.278867,,2
BA22365-IK'OPT-2089,2299,WW,2,20,E85,TZEEIOR 426,53,53,0,122.8,57,3,3,4,0,0,0.72,61.54,3032.679739,,5
BA22365-IK'OPT-2090,2300,WW,2,20,E89,TZEEIOR 437,51,51,0,108,51,3,2,3,0,0,1.25,50,4299.346405,,4
BA22365-IK'OPT-2091,2301,WW,2,21,E207,Check 3 -TZdEEI 12              ,52,51,1,119.8,55,4,4,4,0,27.78,1.11,50,3039.651416,,6
BA22365-IK'OPT-2092,2302,WW,2,21,E19,TZEEIOR 304,52,51,1,117.6,55,4,4,4,0,16.67,0.78,35.71,2305.882353,,5
BA22365-IK'OPT-2093,2303,WW,2,21,E50,TZEEIOR 368,51,51,0,78.6,28.4,4,6,6,0,21.43,0.64,88.89,784.3137255,,4
BA22365-IK'OPT-2094,2304,WW,2,21,E160,TZEEIOR 109,55,55,0,142.8,72,3,3,5,0,0,0.83,20,1518.082789,,5
BA22365-IK'OPT-2095,2305,WW,2,21,E3,TZEEIOR 281,55,55,0,96,43.8,5,7,5,0,33.33,0.33,0,389.1067538,,6
BA22365-IK'OPT-2096,2306,WW,2,21,E17,TZEEIOR 301,56,55,1,114,56,3,3,2,0,0,0.93,30.77,3856.20915,,4
BA22365-IK'OPT-2097,2307,WW,2,21,E144,TZEEIOR 102,53,52,1,119.6,61,3,4,4,0,0,0.71,16.67,2243.137255,,3
BA22365-IK'OPT-2098,2308,WW,2,21,E26,TZEEIOR 321,52,51,1,123.8,62,3,3,4,0,0,0.94,29.41,3018.736383,,4
BA22365-IK'OPT-2099,2309,WW,2,21,E18,TZEEIOR 302,57,58,1,117.2,61,3,4,4,0,0,0.86,25,1540.740741,,6
BA22365-IK'OPT-2100,2310,WW,2,21,E139,TZEEIOR 548,53,53,0,107,53.4,2,2,3,0,0,0.94,11.76,3036.165577,,2
BA22365-IK'OPT-2101,2311,WW,2,21,E81,TZEEIOR 417,53,52,1,122.6,60,2,2,4,0,46.67,1.47,13.64,2620.043573,,3
BA22365-IK'OPT-2102,2312,WW,2,21,E185,TZEEIOR 221,57,58,1,128,62,4,3,4,0,0,0.89,25,2253.594771,,3
BA22365-IK'OPT-2103,2313,WW,2,21,E35,TZEEIOR 336,56,55,1,114.2,57,4,4,4,0,17.65,1.18,25,2303.267974,,5
BA22365-IK'OPT-2104,2314,WW,2,21,E166,TZEEIOR 145,59,61,2,98.8,38,4,6,6,0,0,0.42,0,389.5424837,,4
BA22365-IK'OPT-2105,2315,WW,2,21,E172,TZEEIOR 100,58,58,0,143,63,4,4,4,0,0,0.82,42.86,1847.494553,,6
BA22365-IK'OPT-2106,2316,WW,2,22,E103,TZEEIOR 470,55,55,0,128.4,59,3,3,3,0,12.5,1,43.75,3677.559913,,5
BA22365-IK'OPT-2107,2317,WW,2,22,E122,TZEEIOR 515,53,53,0,115,42,3,4,3,0,25,0.83,40,2245.751634,,4
BA22365-IK'OPT-2108,2318,WW,2,22,E158,TZEEI 81,56,58,2,122.2,46,3,4,5,0,0,0.82,14.29,1875.816993,,4
BA22365-IK'OPT-2109,2319,WW,2,22,E61,TZEEIOR 386,52,51,1,97,47,4,5,4,0,18.75,1,25,2404.357298,,6
BA22365-IK'OPT-2110,2320,WW,2,22,E173,TZEEIOR 195,53,55,2,159.2,57,2,3,2,0,0,1.17,9.52,3337.254902,,5
BA22365-IK'OPT-2111,2321,WW,2,22,E105,TZEEIOR 476,53,53,0,112.6,57,5,1,4,0,0,1.22,54.55,4050.108932,,2
BA22365-IK'OPT-2112,2322,WW,2,22,E66,TZEEIOR 394,51,50,1,106,50,4,5,4,0,0,0.88,53.33,3483.572985,,3
BA22365-IK'OPT-2113,2323,WW,2,22,E192,TZEEIOR 526,51,51,0,92.6,37,3,4,5,0,0,0.8,50,2373.551198,,5
BA22365-IK'OPT-2114,2324,WW,2,22,E155,TZEEI 64,51,51,0,112,47,3,5,4,0,0,0.76,15.38,1938.997821,,5
BA22365-IK'OPT-2115,2325,WW,2,22,E48,TZEEIOR 366,54,53,1,91.4,34,4,4,5,0,0,0.83,10,1171.24183,,5
BA22365-IK'OPT-2116,2326,WW,2,22,E205,Check 1 -TZdEEI 4                 ,50,50,0,128.2,41,3,4,4,0,0,0.76,23.08,2773.681917,,5
BA22365-IK'OPT-2117,2327,WW,2,22,E12,TZEEIOR 292,54,53,1,99.6,54,3,4,4,0,0,0.88,20,3301.960784,,5
BA22365-IK'OPT-2118,2328,WW,2,22,E157,TZEEI 76,51,51,0,113,39.6,4,5,4,0,18.75,0.81,7.69,1996.165577,,5
BA22365-IK'OPT-2119,2329,WW,2,22,E106,TZEEIOR 477,52,52,0,117.6,53,4,4,3,0,20,1,26.67,2931.590414,,4
BA22365-IK'OPT-2120,2330,WW,2,22,E181,TZEEIOR 45,56,58,2,139,56.2,3,3,4,0,0,0.83,20,2662.745098,,4
BA22365-IK'OPT-2121,2331,WW,2,23,E31,TZEEIOR 330,52,52,0,91,38.2,4,4,5,0,0,0.89,62.5,1952.069717,,5
BA22365-IK'OPT-2122,2332,WW,2,23,E118,TZEEIOR 508,52,51,1,115.6,56,3,3,5,0,0,1.24,47.62,3525.010893,,4
BA22365-IK'OPT-2123,2333,WW,2,23,E156,TZEEI 68,52,52,0,96,38,4,6,6,0,0,0.55,33.33,779.0849673,,6
BA22365-IK'OPT-2124,2334,WW,2,23,E74,TZEEIOR 404,51,51,0,130.4,55,4,2,3,0,0,0.94,23.53,3777.777778,,3
BA22365-IK'OPT-2125,2335,WW,2,23,E56,TZEEIOR 378,58,57,1,108.8,41.6,4,4,5,0,0,0.69,44.44,2308.496732,,4
BA22365-IK'OPT-2126,2336,WW,2,23,E176,TZEEIOR 203,57,58,1,133,52,3,4,5,0,0,0.67,0,766.8845316,,3
BA22365-IK'OPT-2127,2337,WW,2,23,E151,TZEEIOR 249,56,56,0,147.8,73.2,4,2,3,0,11.11,0.89,0,2659.694989,,4
BA22365-IK'OPT-2128,2338,WW,2,23,E177,TZEEIOR 31,53,53,0,122.2,59.2,4,2,4,0,0,0.89,25,3001.30719,,3
BA22365-IK'OPT-2129,2339,WW,2,23,E24,TZEEIOR 313,52,51,1,112.4,50.6,4,2,3,0,12.5,1,31.25,2997.821351,,3
BA22365-IK'OPT-2130,2340,WW,2,23,E147,TZEEIOR 139,59,58,1,150.6,70.2,4,3,4,0,0,0.81,7.69,1897.603486,,4
BA22365-IK'OPT-2131,2341,WW,2,23,E83,TZEEIOR 422,53,53,0,149.2,63,2,1,5,0,0,1.28,78.26,4222.657952,,2
BA22365-IK'OPT-2132,2342,WW,2,23,E133,TZEEIOR 539,48,47,1,92.4,38,4,4,5,0,0,1.25,20,2282.352941,,4
BA22365-IK'OPT-2133,2343,WW,2,23,E109,TZEEIOR 481,51,51,0,131.6,54,2,2,3,0,17.65,1,11.76,3074.509804,,2
BA22365-IK'OPT-2134,2344,WW,2,23,E94,TZEEIOR 452,52,52,0,98.2,53,3,2,3,0,0,1.28,17.39,4160.348584,,3
BA22365-IK'OPT-2135,2345,WW,2,23,E195,TZEEIOR 510,57,58,1,119.8,47,3,3,4,0,0,1.12,10.53,2659.694989,,3
BA22365-IK'OPT-2136,2346,WW,2,24,E5,TZEEIOR 283,53,53,0,105.6,57.2,2,3,4,0,0,1.33,12.5,3077.995643,,3
BA22365-IK'OPT-2137,2347,WW,2,24,E41,TZEEIOR 350,53,54,1,109.2,37,3,4,4,0,0,0.94,12.5,2662.745098,,3
BA22365-IK'OPT-2138,2348,WW,2,24,E107,TZEEIOR 478,52,52,0,99,39.6,3,3,4,0,0,1.18,10,3821.350763,,2
BA22365-IK'OPT-2139,2349,WW,2,24,E126,TZEEIOR 524,52,51,1,133,71.6,2,1,3,0,0,1.64,43.48,5307.189542,,2
BA22365-IK'OPT-2140,2350,WW,2,24,E178,TZEEIOR 10,57,58,1,127.8,62,4,2,5,0,0,0.88,42.86,1899.782135,,2
BA22365-IK'OPT-2141,2351,WW,2,24,E203,TZEEIOR 507,49,49,0,126.6,59.6,3,2,2,0,0,1.28,26.09,6190.849673,,3
BA22365-IK'OPT-2142,2352,WW,2,24,E10,TZEEIOR 290,53,53,0,99.4,49,4,5,5,0,0,0.92,41.67,1559.912854,,6
BA22365-IK'OPT-2143,2353,WW,2,24,E36,TZEEIOR 340,48,48,0,109.8,39.2,3,5,4,0,0,0.69,66.67,776.4705882,,3
BA22365-IK'OPT-2144,2354,WW,2,24,E45,TZEEIOR 357,53,54,1,147.8,58.2,4,3,3,0,0,0.89,37.5,3029.1939,,4
BA22365-IK'OPT-2145,2355,WW,2,24,E98,TZEEIOR 461,48,48,0,117,38.2,3,2,3,0,50,0.94,47.06,3112.854031,,2
BA22365-IK'OPT-2146,2356,WW,2,24,E183,TZEEIOR 108,56,58,2,117.4,52,3,4,6,0,0,1,66.67,767.7559913,,4
BA22365-IK'OPT-2147,2357,WW,2,24,E125,TZEEIOR 523,53,53,0,122.8,67.2,2,2,3,0,0,1.47,9.09,4213.071895,,2
BA22365-IK'OPT-2148,2358,WW,2,24,E150,TZEEIOR 161,57,58,1,112.6,49.2,4,5,6,0,0,0.33,0,392.1568627,,4
BA22365-IK'OPT-2149,2359,WW,2,24,E79,TZEEIOR 413,50,50,0,101,49,4,6,4,0,33.33,0.67,0,1158.169935,,3
BA22365-IK'OPT-2150,2360,WW,2,24,E163,TZEEIOR 29,53,54,1,140.6,67,2,3,4,0,0,0.69,0,1514.59695,,3
BA22365-IK'OPT-2151,2361,WW,2,25,E143,TZEEIOR 99,56,56,0,128.4,60.8,4,3,2,0,0,0.92,0,2336.339869,,4
BA22365-IK'OPT-2152,2362,WW,2,25,E116,TZEEIOR 504,51,51,0,128.8,53,4,3,3,0,0,1.22,0,3413.986928,,3
BA22365-IK'OPT-2153,2363,WW,2,25,E55,TZEEIOR 377,56,55,1,71,19,4,6,6,0,0,0.69,11.11,470.5882353,,4
BA22365-IK'OPT-2154,2364,WW,2,25,E67,TZEEIOR 395,54,53,1,89,49,4,5,5,0,0,0.83,10,852.2004357,,5
BA22365-IK'OPT-2155,2365,WW,2,25,E202,TZEEIOR 497,52,51,1,126.4,57,2,2,3,0,0,1.46,0,1923.747277,,4
BA22365-IK'OPT-2156,2366,WW,2,25,E186,TZEEIOR 125,57,58,1,120.4,52,4,3,5,0,0,0.77,20,1150.326797,,3
BA22365-IK'OPT-2157,2367,WW,2,25,E129,TZEEIOR 529,48,48,0,111.2,34.4,3,5,4,0,0,1,16.67,1986.666667,,3
BA22365-IK'OPT-2158,2368,WW,2,25,E171,TZEEIOR 5,55,55,0,96.6,26,3,6,6,0,0,0.5,14.29,388.2352941,,4
BA22365-IK'OPT-2159,2369,WW,2,25,E51,TZEEIOR 371,58,58,0,90.8,26,3,5,5,0,57.14,0.86,16.67,392.1568627,,4
BA22365-IK'OPT-2160,2370,WW,2,25,E65,TZEEIOR 392,53,53,0,69.2,27,4,5,4,0,0,0.67,25,767.7559913,,3
BA22365-IK'OPT-2161,2371,WW,2,25,E134,TZEEIOR 540,52,51,1,129.4,53.2,2,2,4,0,0,0.78,28.57,3137.647059,,3
BA22365-IK'OPT-2162,2372,WW,2,25,E16,TZEEIOR 300,51,50,1,90.2,38,3,3,5,0,66.67,0.93,7.14,2135.294118,,3
BA22365-IK'OPT-2163,2373,WW,2,25,E58,TZEEIOR 380,55,55,0,96.6,40.2,4,5,5,0,62.5,0.75,33.33,851.2418301,,6
BA22365-IK'OPT-2164,2374,WW,2,25,E199,TZEEIOR 41,55,57,2,124.2,47.2,4,5,6,0,0,0.67,16.67,381.6993464,,2
BA22365-IK'OPT-2165,2375,WW,2,25,E174,TZEEIOR 123,56,57,1,89.6,33.2,3,5,5,0,66.67,0.5,0,509.8039216,,3
BA22365-IK'OPT-2166,2376,WW,2,26,E165,TZEEIOR 35,56,55,1,117,52,3,5,5,0,44.44,0.67,33.33,759.0413943,,6
BA22365-IK'OPT-2167,2377,WW,2,26,E62,TZEEIOR 388,54,53,1,112,53,4,4,4,0,21.43,0.71,10,1577.51634,,6
BA22365-IK'OPT-2168,2378,WW,2,26,E69,TZEEIOR 397,53,52,1,103.8,43,4,4,4,0,46.67,0.6,0,1168.627451,,3
BA22365-IK'OPT-2169,2379,WW,2,26,E182,TZEEIOR 167,57,57,0,107.6,50,5,5,5,0,60,0.93,0,1242.352941,,3
BA22365-IK'OPT-2170,2380,WW,2,26,E209,Check 5 -TZdEEI 7                ,57,57,0,99,33.6,4,6,5,0,0,1,75,775.5991285,,3
BA22365-IK'OPT-2171,2381,WW,2,26,E187,TZEEIOR 97,59,59,0,134,58,4,3,4,0,0,0.78,7.14,1582.832244,,5
BA22365-IK'OPT-2172,2382,WW,2,26,E127,TZEEIOR 527,51,51,0,114.6,45.2,3,3,3,0,0,1.2,16.67,2282.352941,,3
BA22365-IK'OPT-2173,2383,WW,2,26,E184,TZEEIOR 104,55,55,0,101,46.2,3,5,4,0,0,0.79,9.09,776.4705882,,3
BA22365-IK'OPT-2174,2384,WW,2,26,E194,TZEEIOR 536,59,61,2,84.4,38,4,6,5,0,0,0.78,85.71,385.620915,,3
BA22365-IK'OPT-2175,2385,WW,2,26,E34,TZEEIOR 335,54,54,0,108,45.4,4,5,4,0,0,0.83,10,1176.470588,,5
BA22365-IK'OPT-2176,2386,WW,2,26,E102,TZEEIOR 469,55,55,0,129,58.4,3,2,3,0,0,1.06,10.53,3021.176471,,4
BA22365-IK'OPT-2177,2387,WW,2,26,E193,TZEEIOR 486,57,57,0,101.8,44,3,4,4,0,0,0.9,33.33,1589.978214,,3
BA22365-IK'OPT-2178,2388,WW,2,26,E7,TZEEIOR 287,55,56,1,80.2,32.4,4,6,8,0,0,0.14,0,418.9106754,,5
BA22365-IK'OPT-2179,2389,WW,2,26,E119,TZEEIOR 509,54,53,1,114.4,54.2,4,4,4,0,0,0.94,20,2011.459695,,3
BA22365-IK'OPT-2180,2390,WW,2,26,E23,TZEEIOR 311,52,51,1,121.2,51.2,3,5,4,0,0,0.75,16.67,1882.352941,,6
BA22365-IK'OPT-2181,2391,WW,2,27,E72,TZEEIOR 400,53,53,0,105.6,46,4,5,5,0,0,0.69,22.22,1189.368192,,3
BA22365-IK'OPT-2182,2392,WW,2,27,E92,TZEEIOR 445,51,51,0,138.4,54.4,3,2,2,0,0,1,11.11,4601.30719,,3
BA22365-IK'OPT-2183,2393,WW,2,27,E80,TZEEIOR 415,48,48,0,136.8,58,4,5,5,0,0,1.29,16.67,2384.183007,,6
BA22365-IK'OPT-2184,2394,WW,2,27,E159,TZEEI 82,54,57,3,93.8,36,4,6,6,0,0,0.33,0,417.9520697,,5
BA22365-IK'OPT-2185,2395,WW,2,27,E43,TZEEIOR 355,52,51,1,109.6,46.2,3,4,5,0,0,0.79,36.36,1588.191721,,3
BA22365-IK'OPT-2186,2396,WW,2,27,E135,TZEEIOR 542,57,56,1,147.2,62.2,3,2,3,0,0,1.29,27.78,3056.470588,,2
BA22365-IK'OPT-2187,2397,WW,2,27,E136,TZEEIOR 543,53,52,1,167.4,69,4,1,3,0,0,0.41,28.57,1502.396514,,2
BA22365-IK'OPT-2188,2398,WW,2,27,E117,TZEEIOR 505,52,51,1,146.6,69,2,2,3,0,0,1.06,0,3925.577342,,2
BA22365-IK'OPT-2189,2399,WW,2,27,E22,TZEEIOR 310,51,51,0,103.6,38.4,5,5,5,0,23.08,0.69,22.22,1176.514161,,5
BA22365-IK'OPT-2190,2400,WW,2,27,E132,TZEEIOR 538,48,47,1,124.6,46.2,4,4,4,0,16.67,1.06,15.79,2747.189542,,3
BA22365-IK'OPT-2191,2401,WW,2,27,E161,TZEEIOR 38,54,53,1,128,68,4,7,5,0,0,0.79,54.55,777.3420479,,7
BA22365-IK'OPT-2192,2402,WW,2,27,E164,TZEEIOR 126,54,54,0,106.8,44.6,4,6,5,0,62.5,0.56,22.22,807.0588235,,6
BA22365-IK'OPT-2193,2403,WW,2,27,E70,TZEEIOR 398,49,48,1,104.6,45.4,3,3,4,0,20,1.07,43.75,2722.440087,,4
BA22365-IK'OPT-2194,2404,WW,2,27,E6,TZEEIOR 284,57,56,1,105.6,44.2,4,4,4,0,0,1,20,1509.368192,,4
BA22365-IK'OPT-2195,2405,WW,2,27,E110,TZEEIOR 491,53,54,1,88.6,31,3,6,4,0,16.67,0.92,9.09,1166.013072,,3
BA22365-IK'OPT-2196,2406,WW,2,28,E38,TZEEIOR 344,52,52,0,97.2,42,4,5,5,0,37.5,0.75,16.67,1453.769063,,6
BA22365-IK'OPT-2197,2407,WW,2,28,E180,TZEEIOR 197,51,53,2,149.2,61.2,3,3,3,0,0,0.94,11.76,3824.357298,,3
BA22365-IK'OPT-2198,2408,WW,2,28,E30,TZEEIOR 329,52,52,0,100.2,45,4,6,4,0,11.76,0.76,15.38,1946.666667,,6
BA22365-IK'OPT-2199,2409,WW,2,28,E204,TZEEIOR 339,52,51,1,112.2,42.2,3,2,3,0,16.67,0.89,6.25,2687.145969,,3
BA22365-IK'OPT-2200,2410,WW,2,28,E54,TZEEIOR 376,48,47,1,100.8,42,4,6,4,0,33.33,0.87,7.69,1257.690632,,6
BA22365-IK'OPT-2201,2411,WW,2,28,E9,TZEEIOR 289,55,54,1,99.6,38.4,4,5,3,0,47.06,1.06,5.56,2354.945534,,6
BA22365-IK'OPT-2202,2412,WW,2,28,E141,TZEEIOR 11,57,58,1,115.2,55,4,6,4,0,0,0.86,8.33,1142.745098,,3
BA22365-IK'OPT-2203,2413,WW,2,28,E20,TZEEIOR 305,56,55,1,99.2,49,3,6,3,0,0,0.78,14.29,1941.176471,,6
BA22365-IK'OPT-2204,2414,WW,2,28,E145,TZEEIOR 123,54,54,0,107.2,44,4,5,5,0,23.08,0.77,0,1132.026144,,4
BA22365-IK'OPT-2205,2415,WW,2,28,E71,TZEEIOR 399,55,55,0,128.4,60,3,4,4,0,0,0.93,14.29,1901.960784,,6
BA22365-IK'OPT-2206,2416,WW,2,28,E40,TZEEIOR 346,50,50,0,127.4,64,3,4,5,0,55.56,0.39,28.57,1158.169935,,6
BA22365-IK'OPT-2207,2417,WW,2,28,E210,Check 6 -TZdEEI 9                ,56,55,1,133.4,54,3,4,6,0,0,0.75,33.33,388.2352941,,5
BA22365-IK'OPT-2208,2418,WW,2,28,E100,TZEEIOR 463,48,47,1,118.6,53,2,2,3,0,0,1.17,14.29,3116.470588,,3
BA22365-IK'OPT-2209,2419,WW,2,28,E206, Check 2 -TZdEEI 2               ,55,54,1,132.8,60,4,5,4,0,0,1.15,6.67,1548.888889,,4
BA22365-IK'OPT-2210,2420,WW,2,28,E208, Check 4 -TZEEI 95               ,48,48,0,95.2,40.4,4,7,6,0,0,0.5,0,391.7211329,,7
