Designation,Geno,Location,PLOT_NO,BLK,REP_NO,D50F,FE,BP,RuEs,RtNd,LdS,SHS,PH,M95D,PHvt,MC,HSW,NPY,GY
TGx2029-31F,G19,IITA_Ibadan,1,1,1,48,1,1,1,4,1,1,90,114,30,8.5,14.1,893.8,2234.5
TGx 2029-21F,G15,IITA_Ibadan,2,1,1,51,1,1,1,2,1,1,93,115,57,8.4,12.1,845.8,2114.5
Maksoy-4N,G44,IITA_Ibadan,3,1,1,48,1,1,1,2,2,2,101,109,14,9.1,18.5,590.9,1477.25
(TGx1830-20E/UG5)-#F6-2014-27-6,G33,IITA_Ibadan,4,1,1,48,1,1,1,2.5,2,1,66,109,60,9.1,16.4,1349.1,3372.75
TGx2029-27F,G39,IITA_Ibadan,5,1,1,48,1,1,1,2.5,1,1,83,115,67,8.8,12.9,882.9,2207.25
TGx1987-62FxH7-1-1-4-3-2-E,G13,IITA_Ibadan,6,2,1,53,1,1,1,2.5,1.5,1,69,109,26,8.7,10.2,950.2,2375.5
(TGx1740-2F/MW1)-#F6-2002-10-19,G30,IITA_Ibadan,7,2,1,51,1,1,1,2.5,1,1,58,109,50,9.2,18.7,785,1962.5
(TGx1987-10F/TGx1740-2F)-#F5-1011-8,G41,IITA_Ibadan,8,2,1,51,1,1,1,3,1,3,63,109,42,13.9,12.3,1082.9,2707.25
TGx 2029-39F,G26,IITA_Ibadan,9,2,1,51,1,1,1,3,1,1,84,109,50,9.8,12.4,1036.2,2590.5
TGx_2015-2E,G3,IITA_Ibadan,10,2,1,48,1,1,1,3,1,1,45,114,35,8.8,14.3,1021.4,2553.5
Panaroma-3,G16,IITA_Ibadan,11,3,1,51,1.5,1,1,4,1,1,78,114,44,16.1,9.1,741.4,1853.5
TGx1987-9FxTGx1835-10E-1-2-2-1-1,G7,IITA_Ibadan,12,3,1,51,1,1,1,3,1,1,65,114,82,17.3,8.4,885.1,2212.75
TGx_1951-4F,G1,IITA_Ibadan,13,3,1,53,1,1,1,3.5,3,1,89,114,60,8.9,13.7,1305.3,3263.25
TGx1989-45FxTGx1835-10E-3-2-1-3-3-E,G11,IITA_Ibadan,14,3,1,48,1,1,1,2,3,1,96,109,50,9.1,12.3,1370.2,3425.4
(TGx1740-2F/MW1)-#F6-2002-10-11,G37,IITA_Ibadan,15,3,1,53,1,1,2,3,1.5,1,72,109,66,9.5,14.4,905.4,2263.5
TGx1989-19FxTGx1987-10F-5-3-1-2-2-I,G10,IITA_Ibadan,16,4,1,48,1,1,1,3,2,1,82,109,60,9.9,12.2,1329.4,3323.5
(TGx1740-2F/MW1)-#F6-2002-10-15,G29,IITA_Ibadan,17,4,1,48,1,1,1,3,3,1,63,109,55,9.5,19.5,1259.3,3148.25
TGx 2029-22F,G34,IITA_Ibadan,18,4,1,51,1,1,1,4,1,1,72,114,37,9.6,15.6,896.7,2241.75
(TGx1987-10F/TGx1740-2F)-#F5-1011-6,G40,IITA_Ibadan,19,4,1,51,1,1,1,3.5,1,1,58,114,59,8.7,16,731.6,1829
Panaroma-1,G18,IITA_Ibadan,20,4,1,51,1,1,1,2,1,1,71,114,26,8.7,16.2,666.2,1665.5
TGx1961-1FxH10-2-3-7-2-1,G5,IITA_Ibadan,21,5,1,53,1,1,1,4,1,1,82,114,58,8.3,17.1,638.7,1596.75
TGx1961-1FxTGx1835-10E-1-1-4-2-1-E,G6,IITA_Ibadan,22,5,1,53,1,1,1,3,2,1,91,109,48,9.4,13.2,1104.5,2761.25
(TGx1830-20E/UG5)-#F6-2014-27-5,G32,IITA_Ibadan,23,5,1,53,1,1,1,2,2,1,65,109,58,9.2,13.2,1150.8,2877
TGx 2029-53F,G22,IITA_Ibadan,24,5,1,58,1,1,1,2,1,1,89,115,100,8.3,12.2,776.5,1941.25
TGx1987-11FxH7-3-1-1-1-2-3-I,G8,IITA_Ibadan,25,5,1,51,1,1.5,1,1,3,1,79,114,60,8.9,12.5,1224.5,3061.25
SONGDA,G25,IITA_Ibadan,26,6,1,51,1,1,1,1,1,1,102,115,15,9.2,15.1,1265.2,3163
PANORAMA-27D,G21,IITA_Ibadan,27,6,1,51,1,1,1,1,1,1,60,115,59,8.9,12.2,544.6,1361.5
(TGx1987-62F/MW1)-#F5-1006-22,G43,IITA_Ibadan,28,6,1,51,1,1,1,2.5,1.5,1,90,115,93,8.5,18,903.9,2259.75
TGx 2029-20F,G38,IITA_Ibadan,29,6,1,51,1,1,1,2,1,1,89,115,20,8.5,14.5,360.7,901.75
(TGx1740-2F/MW1)-#F6-2002-10-21,G45,IITA_Ibadan,30,6,1,53,1,1,1,3,2,1,71,114,40,8.4,18.6,869.3,2173.25
TGx_2022-3E,G12,IITA_Ibadan,31,7,1,53,1,1,1,3,2,1,66,114,39,8.9,17.4,1217.9,3044.75
(TGx1987-9F/TGx1740-2F)-#F5-1025-1,G28,IITA_Ibadan,32,7,1,51,1,1,1,3,1,1,75,115,53,8.6,11.1,476,1190
TGX1951-3F,G27,IITA_Ibadan,33,7,1,51,1,1,1,3,2,1,93,114,48,12.5,12.5,967.1,2417.75
TGx 1989-19F,G36,IITA_Ibadan,34,7,1,51,1,1,1,2,1,1,62,114,30,9.2,18.4,1033.3,2583.25
TGx 2029-7F,G17,IITA_Ibadan,35,7,1,51,1,1,1,2,1,1,100,115,61,7.6,14.1,1017.9,2544.75
(TGx1740-2F/MW1)-#F6-2002-10-28,G31,IITA_Ibadan,36,8,1,51,1,1,1,2,1,1,70,109,56,9.6,15.4,1235.4,3088.5
TGx2029-49F,G20,IITA_Ibadan,37,8,1,51,1,1,1,2,1,1,101,114,41,9.2,15.2,988.6,2471.5
TGx1987-11FxH7-3-1-1-1-2-6-I,G9,IITA_Ibadan,38,8,1,51,1,1,1,4,2,1,80,115,40,8.5,15.1,1048.7,2621.75
TGx 1448-2E,G35,IITA_Ibadan,39,8,1,51,1.5,1,1,3,2,1,60,115,31,8.9,13,522.2,1305.5
(TGx1987-62F/MW1)-#F5-1006-15,G42,IITA_Ibadan,40,8,1,56,1.5,1,1,4,3,1,79,115,93,8.7,15.7,927.3,2318.25
TGx1989-11FxTGx1987-10F-1-1-3-1-3-I,G4,IITA_Ibadan,41,9,1,46,1,1,1,3,2,1,84,114,55,8.9,12.3,866.3,2165.75
SC-SIGNA,G24,IITA_Ibadan,42,9,1,53,1,1,1,3,1,1,87,114,94,9,15.5,1674.8,4187
TGx1990-38FxTGx1835-10E-1-4-3-1-1-E,G14,IITA_Ibadan,43,9,1,51,1,1,1,3,2,1,87,109,35,9.2,15.6,808.3,2020.75
TGx_1993-18FN,G2,IITA_Ibadan,44,9,1,45,1,1,1,2,2,1,46,114,54,8.7,14.6,1878.5,4696.25
TGx 2014-16FM,G23,IITA_Ibadan,45,9,1,51,1,1,1,2,2,1,81,114,40,9.2,19.2,139,347.5
(TGx1740-2F/MW1)-#F6-2002-10-28,G31,IITA_Ibadan,46,1,2,51,1,1,1,3,2,1,60,109,46,9.4,15.5,1083,2707.5
TGx1990-38FxTGx1835-10E-1-4-3-1-1-E,G14,IITA_Ibadan,47,1,2,51,1,1,1,2,2,1,72,114,93,8.8,13.7,1328.7,3321.75
(TGx1987-62F/MW1)-#F5-1006-15,G42,IITA_Ibadan,48,1,2,51,1,1,1,2.5,3,1,65,114,50,8.6,18.5,1030.3,2575.75
(TGx1830-20E/UG5)-#F6-2014-27-5,G32,IITA_Ibadan,49,1,2,47,1,1,1,2,1,1,63,114,63,8.7,13,944.2,2360.5
TGx2029-31F,G19,IITA_Ibadan,50,1,2,51,1,1,1,3,1,1,99,114,63,8.7,13.8,930.3,2325.75
TGx 2029-20F,G38,IITA_Ibadan,51,2,2,51,1,1,1,3,1,1,88,109,20,8.9,17.1,973.4,2433.5
TGx1987-9FxTGx1835-10E-1-2-2-1-1,G7,IITA_Ibadan,52,2,2,51,1,1,1,3,1,1,62,109,61,9.1,14.9,1128.2,2820.5
(TGx1987-10F/TGx1740-2F)-#F5-1011-8,G41,IITA_Ibadan,53,2,2,51,1,1,1,2,1,1,66,114,35,8.4,14.3,991.8,2479.5
TGx 2029-53F,G22,IITA_Ibadan,54,2,2,53,1,1,1,2.5,1,1,77,114,20,8.6,13.4,823.7,2059.25
TGx1961-1FxTGx1835-10E-1-1-4-2-1-E,G6,IITA_Ibadan,55,2,2,58,1,1,1,3,3,1,90,114,45,8.9,15.9,1412.9,3532.25
(TGx1987-9F/TGx1740-2F)-#F5-1025-1,G28,IITA_Ibadan,56,3,2,53,1,1,1,2.5,2,1,70,115,60,9.5,12.9,598.1,1495.25
TGx 2029-21F,G15,IITA_Ibadan,57,3,2,47,1,1,1,2,2,1,81,115,51,8.3,14.8,673.8,1684.5
TGx2029-49F,G20,IITA_Ibadan,58,3,2,51,1,1,1,2,1,1,92,114,43,8.9,16.8,1385.6,3464
(TGx1740-2F/MW1)-#F6-2002-10-15,G29,IITA_Ibadan,59,3,2,47,1,1,1,2,2,1,79,114,61,8.5,18.9,791.2,1978
TGx 1448-2E,G35,IITA_Ibadan,60,3,2,53,1,1,1,2.5,2,1,61,115,24,8.3,14.5,948.8,2372
TGx1987-62FxH7-1-1-4-3-2-E,G13,IITA_Ibadan,61,4,2,58,1,1,1,4,4,1,80,109,57,8.85,10.35,973.6,2434
TGx1987-11FxH7-3-1-1-1-2-3-I,G8,IITA_Ibadan,62,4,2,51,1,1,1,3,2,1,72,115,40,8.7,12.9,1012.2,2530.5
TGx_1951-4F,G1,IITA_Ibadan,63,4,2,51,1,1,1,3,3,1,85,114,53,8.6,188.5,1699.7,4249.25
TGx 1989-19F,G36,IITA_Ibadan,64,4,2,51,2,1,1,3,3,1,72,114,37,9,19.4,1198,2995
TGx_2015-2E,G3,IITA_Ibadan,65,4,2,47,1,1,1,2.5,2,1,62,114,50,9.3,14.8,1505.6,3764
TGx2029-27F,G39,IITA_Ibadan,66,5,2,47,1,1,1,3.5,1,1,92,114,25,8.6,14.4,775,1937.5
Panaroma-3,G16,IITA_Ibadan,67,5,2,51,1,1,1,3,2,1,98,115,56,8.1,14.9,610.1,1525.25
TGx1961-1FxH10-2-3-7-2-1,G5,IITA_Ibadan,68,5,2,51,1,1,1,2.5,2,1,96,109,43,10.2,15.4,1100.5,2751.25
SONGDA,G25,IITA_Ibadan,69,5,2,58,1,1,1,2.5,1,1,100,115,63,8.8,18.1,568.1,1420.25
TGx_2022-3E,G12,IITA_Ibadan,70,5,2,46,1,1,1,3.5,3,1,85,115,42,9,14.6,753,1882.5
SC-SIGNA,G24,IITA_Ibadan,71,6,2,47,1,1,1,4,1,1,88,114,37,8.6,18.6,1405.6,3514
TGx 2029-39F,G26,IITA_Ibadan,72,6,2,46,1,1,1,2.5,1,1,74,114,42,8.7,13.2,1146,2865
(TGx1740-2F/MW1)-#F6-2002-10-11,G37,IITA_Ibadan,73,6,2,51,1,1,1,2,4,1,70,109,60,9.4,16.8,937.1,2342.75
PANORAMA-27D,G21,IITA_Ibadan,74,6,2,51,1.5,1,1,3,3,1,66,115,45,8.9,12,834.8,2087
(TGx1740-2F/MW1)-#F6-2002-10-21,G45,IITA_Ibadan,75,6,2,53,1,1,1,3,2.5,1,64,114,65,8,19.9,1307.8,3269.5
TGx1989-19FxTGx1987-10F-5-3-1-2-2-I,G10,IITA_Ibadan,76,7,2,46,1,1,1,2.5,3,1,60,114,64,8.1,12.5,1748.7,4371.75
TGx 2014-16FM,G23,IITA_Ibadan,77,7,2,47,1,1,1,2,4,1,85,114,40,8.4,8.4,1493.3,3733.25
(TGx1740-2F/MW1)-#F6-2002-10-19,G30,IITA_Ibadan,78,7,2,53,1,1,1,3,4,1,88,109,43,9.3,18,1057.05,2642.6
TGx1989-11FxTGx1987-10F-1-1-3-1-3-I,G4,IITA_Ibadan,79,7,2,51,1,1,1,3,2,1,74,114,80,8.1,12.7,1391.4,3478.5
(TGx1987-62F/MW1)-#F5-1006-22,G43,IITA_Ibadan,80,7,2,47,1,1,1,3.5,3,1,70,109,40,8.9,15.5,942.9,2357.25
TGx_1993-18FN,G2,IITA_Ibadan,81,8,2,51,1,1,1,3,3,1,66,114,50,8.4,15.3,1812,4530
TGx1987-11FxH7-3-1-1-1-2-6-I,G9,IITA_Ibadan,82,8,2,47,1,1,1,2,2,1,64,115,45,10,13.9,1268.6,3171.5
(TGx1830-20E/UG5)-#F6-2014-27-6,G33,IITA_Ibadan,83,8,2,47,1,1,1,2,3,1,60,109,60,9.4,16.55,1598.5,3996.25
TGx 2029-22F,G34,IITA_Ibadan,84,8,2,47,1,1,1,3.5,1.5,1,85,114,60,8.6,16,1443.8,3609.5
TGx 2029-7F,G17,IITA_Ibadan,85,8,2,51,1,1,1,2,1,1,59,114,30,8.3,15.9,1363,3407.5
TGX1951-3F,G27,IITA_Ibadan,86,9,2,51,1,1,1,3,2,1,90,114,65,7.8,13.4,1400.4,3501
TGx1989-45FxTGx1835-10E-3-2-1-3-3-E,G11,IITA_Ibadan,87,9,2,51,1,1,1,4,2,1,76,109,68,10,14.3,1582,3955
Panaroma-1,G18,IITA_Ibadan,88,9,2,52,1,1,1,3,1,1,60,115,46,9.2,17.8,1748.3,4370.75
Maksoy-4N,G44,IITA_Ibadan,89,9,2,51,1,1,1,2.5,3,1,59,111,20.5,13.5,18.2,845.3,2113.25
(TGx1987-10F/TGx1740-2F)-#F5-1011-6,G40,IITA_Ibadan,90,9,2,51,1,1,1,3,1,1,79,115,84,8.7,17.3,895.6,2239
(TGx1987-62F/MW1)-#F5-1006-15,G42,IITA_Ibadan,91,1,3,52,1,1,1,3.5,1,1,86,109,26,9.2,18.5,1052.6,2631.5
TGx 2029-39F,G26,IITA_Ibadan,92,1,3,51,1,1,1,3,1,1,86,115,93,7.6,11.2,936.2,2340.5
TGx1989-45FxTGx1835-10E-3-2-1-3-3-E,G11,IITA_Ibadan,93,1,3,47,1,1,1,2.5,1,1,116,109,50,9.9,13.3,1158.3,2895.75
(TGx1740-2F/MW1)-#F6-2002-10-11,G37,IITA_Ibadan,94,1,3,51,1,1,1,1.5,1.5,1,89,109,36,9.4,14.9,1206.3,3015.75
(TGx1740-2F/MW1)-#F6-2002-10-21,G45,IITA_Ibadan,95,1,3,47,1,1,1,2,2,1,90,114,47,8,19.4,1281.1,3202.75
PANORAMA-27D,G21,IITA_Ibadan,96,2,3,47,1,1,1,2.5,3,1,84,115,47,8.8,16.2,1535.3,3838.25
TGx 2029-7F,G17,IITA_Ibadan,97,2,3,47,1,1,1,2,1,1,126,114,39,8.2,14.8,1354.5,3386.25
TGx2029-31F,G19,IITA_Ibadan,98,2,3,53,1,1,1,2,3,1,60,114,26,8.1,14.8,982.5,2456.25
TGx1987-11FxH7-3-1-1-1-2-3-I,G8,IITA_Ibadan,99,2,3,52,1,1,1,3,2,1,58,114,43,8.4,16.2,1661.5,4153.75
(TGx1987-9F/TGx1740-2F)-#F5-1025-1,G28,IITA_Ibadan,100,2,3,51,1,1,1,3.5,2,1,80,115,30,10.2,14,906.6,2266.5
TGx1987-11FxH7-3-1-1-1-2-6-I,G9,IITA_Ibadan,101,3,3,53,1,1,1,3,3,1,77,114,52,8.6,12.9,1096.6,2741.5
TGx1961-1FxH10-2-3-7-2-1,G5,IITA_Ibadan,102,3,3,58,1,1,1,3,3,1,56,114,97,8.6,18.8,1014.2,2535.5
TGx_2022-3E,G12,IITA_Ibadan,103,3,3,53,1,1,1,2,1,1,67,115,41,7.8,13,527.7,1319.25
(TGx1987-10F/TGx1740-2F)-#F5-1011-8,G41,IITA_Ibadan,104,3,3,53,1,1,1,2.5,2,1,62,115,40,7.9,14.5,825.7,2064.25
TGx2029-49F,G20,IITA_Ibadan,105,3,3,51,1,1,1,2,1,1,87,114,40,8.3,16.7,1117.4,2793.5
(TGx1740-2F/MW1)-#F6-2002-10-19,G30,IITA_Ibadan,106,4,3,47,1,1,1,3,2,1,90,109,36,9.4,17.3,1329.1,3322.75
TGx 2029-22F,G34,IITA_Ibadan,107,4,3,46,1,1,1,3,1,1,54,114,35,8.7,16.8,1177,2942.5
TGx 2029-53F,G22,IITA_Ibadan,108,4,3,53,1,1,1,2.5,1,1,63,114,50,8.4,13.5,992.4,2481
TGx1987-62FxH7-1-1-4-3-2-E,G13,IITA_Ibadan,109,4,3,52,1,1,1,1.5,2,1,61,109,54,9,10.5,997,2492.5
(TGx1830-20E/UG5)-#F6-2014-27-5,G32,IITA_Ibadan,110,4,3,51,1,1,1,1.5,3,1,74,109,30,9,14.9,824.3,2060.75
TGx_1993-18FN,G2,IITA_Ibadan,111,5,3,51,1,1,1,3,1,1,72,114,35,8.3,15.2,889.4,2223.5
Maksoy-4N,G44,IITA_Ibadan,112,5,3,47,1,1,1,3.5,3,1,58,114,27,17.9,17.9,1099.7,2749.25
TGx_2015-2E,G3,IITA_Ibadan,113,5,3,51,1,1,1,3,2,1,87,114,30,7.9,14.8,739.8,1849.5
TGx 2029-20F,G38,IITA_Ibadan,114,5,3,51,1,1,1,2.5,2,1,79,114,20,8,17.4,1449,3622.5
TGx1961-1FxTGx1835-10E-1-1-4-2-1-E,G6,IITA_Ibadan,115,5,3,51,1,1,1,2,2,1,64,114,43,8.3,17.6,1146.4,2866
TGx 1989-19F,G36,IITA_Ibadan,116,6,3,47,1,1,1,2,1,1,59,114,37,8.1,16.2,795.3,1988.25
TGx 2014-16FM,G23,IITA_Ibadan,117,6,3,51,1,1,1,1.5,2,1,62,114,25,8.6,19,119.2,298
SONGDA,G25,IITA_Ibadan,118,6,3,51,1,1,1,1.5,1,1,70,115,37,8.6,18.9,879.9,2199.75
(TGx1987-62F/MW1)-#F5-1006-22,G43,IITA_Ibadan,119,6,3,51,1,1,1,3,2,1,76,114,35,8,15.6,294.4,736
TGx 2029-21F,G15,IITA_Ibadan,120,6,3,51,1,1,1,2.5,1,1,86,115,26,9,11.2,294.4,736
TGx1990-38FxTGx1835-10E-1-4-3-1-1-E,G14,IITA_Ibadan,121,7,3,51,1,1,1,3,2,2,71,109,25,9.2,17.8,696.4,1741
TGx_1951-4F,G1,IITA_Ibadan,122,7,3,51,1,1,1,3,1,1,60,114,50,9.8,16.2,1496.5,3741.25
TGX1951-3F,G27,IITA_Ibadan,123,7,3,51,1,1,1,3,1,1,75,114,71,9,14.7,898.5,2246.25
TGx1987-9FxTGx1835-10E-1-2-2-1-1,G7,IITA_Ibadan,124,7,3,53,1,1,1,2.5,1.5,1,52,114,50,9.1,16.3,838.2,2095.5
TGx1989-11FxTGx1987-10F-1-1-3-1-3-I,G4,IITA_Ibadan,125,7,3,53,1,1,1,2.5,2,1,87,114,50,9.3,12.8,1159.8,2899.5
Panaroma-3,G16,IITA_Ibadan,126,8,3,53,1,1,1,3.5,1,1,88,115,56,8.9,13.9,1135.3,2838.25
TGx1989-19FxTGx1987-10F-5-3-1-2-2-I,G10,IITA_Ibadan,127,8,3,47,1,1,1,2.5,2,1,63,114,50,9.1,14.3,1598,3995
(TGx1740-2F/MW1)-#F6-2002-10-15,G29,IITA_Ibadan,128,8,3,47,1,1,1,1,2,1,59,111,58,9,19.2,1025.2,2563.13
(TGx1740-2F/MW1)-#F6-2002-10-28,G31,IITA_Ibadan,129,8,3,51,1,1,1,2.5,2,1,61,109,27,9.2,15.9,962.4,2406
(TGx1987-10F/TGx1740-2F)-#F5-1011-6,G40,IITA_Ibadan,130,8,3,51,1,1,1,2,2,1,69,109,53,8.9,15.8,1535.3,3838.25
Panaroma-1,G18,IITA_Ibadan,131,9,3,47,1,1,1,2,1,1,83,114,7,9.7,14.4,450.4,1126
TGx2029-27F,G39,IITA_Ibadan,132,9,3,46,1,1,1,3,1.5,1,84,115,40,9.5,12.3,879.2,2198
SC-SIGNA,G24,IITA_Ibadan,133,9,3,47,1,1,1,2,1.5,1,94,115,45,8.8,16.2,1409.4,3523.5
TGx 1448-2E,G35,IITA_Ibadan,134,9,3,47,1,1,1,3.5,3,1,67,115,17,8.1,13.2,660.2,1650.5
(TGx1830-20E/UG5)-#F6-2014-27-6,G33,IITA_Ibadan,135,9,3,47,1,1,1,3,2,1,70,115,53,8.9,16,659,1647.5
Maksoy-4N,G44,IITA_Ikenne,1,1,1,,1,1,1,5,3,1,98,124,77,8.7,14.4,1358.6,3396.5
(TGx1740-2F/MW1)-#F6-2002-10-15,G29,IITA_Ikenne,2,1,1,,1,1,1,3,2,1,66,124,51,10,16.3,1000.9,2502.25
Panaroma-1,G18,IITA_Ikenne,3,1,1,,1,1,1,3,1.5,1,96,124,47,10.4,12.7,942.5,2356.25
TGx 1989-19F,G36,IITA_Ikenne,4,1,1,,1,1,1,3,2,1,72,124,67,8.9,15.8,1553,3882.5
TGx 2029-21F,G15,IITA_Ikenne,5,1,1,,1,1,1,5,1,1,92,124,57,8.4,15.6,1560.9,3902.25
TGx1990-38FxTGx1835-10E-1-4-3-1-1-E,G14,IITA_Ikenne,6,2,1,,1,1,1,2,1,1,79,124,64,9.9,17.2,1413.8,3534.5
(TGx1987-62F/MW1)-#F5-1006-22,G43,IITA_Ikenne,7,2,1,,1,1,1,3,1,1,88,124,45,8.8,16.5,1224.3,3060.75
(TGx1987-10F/TGx1740-2F)-#F5-1011-8,G41,IITA_Ikenne,8,2,1,,1,1,1,2,1.5,1,60,124,96,8.6,13.7,2210.1,5525.25
TGx_1993-18FN,G2,IITA_Ikenne,9,2,1,,1.5,1,1,1,1.5,1,58,124,50,10.4,12.3,964.4,2411
TGx1987-11FxH7-3-1-1-1-2-3-I,G8,IITA_Ikenne,10,2,1,,1,1,1,3,2,1,78,124,42,8.6,13.4,1387.8,3469.5
TGx_2015-2E,G3,IITA_Ikenne,11,3,1,,1,1,1,3,3,1,74,124,53,10.5,15.2,931.5,2328.75
TGx1989-11FxTGx1987-10F-1-1-3-1-3-I,G4,IITA_Ikenne,12,3,1,,1.5,1,1,2,1.5,1,71,124,53,9.8,12.2,763.2,1908
TGx2029-49F,G20,IITA_Ikenne,13,3,1,,1,1,1,2,1,1,93,124,101,9.7,19.8,877.6,2194
SONGDA,G25,IITA_Ikenne,14,3,1,,1,1,1,5,1,1,78,124,55,8.5,15.4,1045.4,2613.5
TGx 1448-2E,G35,IITA_Ikenne,15,3,1,,1,1,1,1,1.5,1,80,125,50.5,10.6,14.2,604.2,1510.5
TGx 2029-7F,G17,IITA_Ikenne,16,4,1,,1,1,1,2,1.5,1,114,124,99,10.6,13.9,1023.6,2559
TGx_1951-4F,G1,IITA_Ikenne,17,4,1,,2,1,1,2,2.5,1,72,124,78,10,12.7,1146.9,2867.25
TGx1987-62FxH7-1-1-4-3-2-E,G13,IITA_Ikenne,18,4,1,,1,1,1,2,1.5,1,72,124,84,10.8,10.7,1009.8,2524.5
TGx 2014-16FM,G23,IITA_Ikenne,19,4,1,,2,1,1,1,3,1,76,124,85,9,15.8,1389.5,3473.75
(TGx1740-2F/MW1)-#F6-2002-10-28,G31,IITA_Ikenne,20,4,1,,1,1,1,3,2,1,67,124,73,10,18.6,714.6,1786.5
TGx 2029-20F,G38,IITA_Ikenne,21,5,1,,1,1,1,2,2,1,90,124,52,9.7,15.8,1456,3640
TGx 2029-22F,G34,IITA_Ikenne,22,5,1,,1,1,1,2,1.5,1,97,124,83,11.4,12.7,1105.5,2763.75
TGx1961-1FxTGx1835-10E-1-1-4-2-1-E,G6,IITA_Ikenne,23,5,1,,1,1,1,2,3,1,91,124,86,8.7,15.5,1173.8,2934.5
(TGx1830-20E/UG5)-#F6-2014-27-5,G32,IITA_Ikenne,24,5,1,,1,1,1,3,4,1,82,124,86,11.1,14.1,1135.9,2839.75
TGx2029-27F,G39,IITA_Ikenne,25,5,1,,1,1,1,5,1.5,1,96,124,39,9.4,13.6,929.2,2323
TGx1961-1FxH10-2-3-7-2-1,G5,IITA_Ikenne,26,6,1,,1,1,1,3,4,1,97,124,67,9.1,16.6,948.7,2371.75
(TGx1987-10F/TGx1740-2F)-#F5-1011-6,G40,IITA_Ikenne,27,6,1,,1,1,1,3,2,1,68,124,115,11.4,13.6,1319,3297.5
TGx 2029-53F,G22,IITA_Ikenne,28,6,1,,1,1,1,3,1.5,1,98,124,102,13.2,13.2,983.7,2459.25
(TGx1987-9F/TGx1740-2F)-#F5-1025-1,G28,IITA_Ikenne,29,6,1,,1,1,1,3,1,1,71,124,64,4.7,13.2,930.5,2326.25
TGx2029-31F,G19,IITA_Ikenne,30,6,1,,1,1,1,3,1.5,1,114,124,97,9.9,15.3,1371.9,3429.75
TGx1989-45FxTGx1835-10E-3-2-1-3-3-E,G11,IITA_Ikenne,31,7,1,,1,1,1,3,2,1,77,124,97,9.2,17.3,1458,3645
Panaroma-3,G16,IITA_Ikenne,32,7,1,,1,1,1,2,1,1,110,124,78,13.9,13.8,1299,3247.5
PANORAMA-27D,G21,IITA_Ikenne,33,7,1,,1,1,1,1,2,1,85,124,66,12.1,12.3,975.1,2437.75
SC-SIGNA,G24,IITA_Ikenne,34,7,1,,1,1,1,2,2,2.5,71,124,47,11.1,16.1,789.2,1973
TGx 2029-39F,G26,IITA_Ikenne,35,7,1,,1,1,1,2,1.5,1,100,124,50,12.1,13.3,772.3,1930.75
(TGx1740-2F/MW1)-#F6-2002-10-21,G45,IITA_Ikenne,36,8,1,,1,1,1,4,1,4,69,124,62,8.2,16,1215.9,3039.75
TGx_2022-3E,G12,IITA_Ikenne,37,8,1,,1,1,1,4,1,1,50,124,42,9.7,14.7,1364.5,3411.25
TGx1987-9FxTGx1835-10E-1-2-2-1-1,G7,IITA_Ikenne,38,8,1,,1.5,1,1,4,1.5,1,85,124,58,11.1,15.1,1191.4,2978.5
(TGx1987-62F/MW1)-#F5-1006-15,G42,IITA_Ikenne,39,8,1,,1,1,1,1,1.5,1,101,124,54,11.1,16.8,1049.9,2624.75
TGx1987-11FxH7-3-1-1-1-2-6-I,G9,IITA_Ikenne,40,8,1,,1,1,1,4,1.5,1,75,124,63,12.2,14.3,1619.4,4048.5
(TGx1830-20E/UG5)-#F6-2014-27-6,G33,IITA_Ikenne,41,9,1,,1,1,1,2,1,1,74,124,76,10.7,13.8,1526.7,3816.75
(TGx1740-2F/MW1)-#F6-2002-10-11,G37,IITA_Ikenne,42,9,1,,1,1,1,1,1.5,1.5,54,124,50,10.5,17,912.9,2282.25
(TGx1740-2F/MW1)-#F6-2002-10-19,G30,IITA_Ikenne,43,9,1,,1,1,1,3,1,1,67,124,47,10.8,17.6,910.2,2275.5
TGX1951-3F,G27,IITA_Ikenne,44,9,1,,1,1,1,3,1.5,1,101,124,65,10.7,13.1,746.9,1867.25
TGx1989-19FxTGx1987-10F-5-3-1-2-2-I,G10,IITA_Ikenne,45,9,1,,1,1,1,2,1.5,3,82,125,90,10.7,12.9,1187.3,2968.25
TGx 2029-53F,G22,IITA_Ikenne,46,1,2,,1,1,1,1,1,1,105,125,96,10.7,12.6,1179.3,2948.25
TGx2029-49F,G20,IITA_Ikenne,47,1,2,,1,1,1,1,1,1,100,125,72,10,14.2,1137.5,2843.75
TGX1951-3F,G27,IITA_Ikenne,48,1,2,,1,1,1,2,1.5,1,92,125,92,10.1,12.7,1595.9,3989.75
Panaroma-1,G18,IITA_Ikenne,49,1,2,,1,1,1,3,1,1,89,125,81,10.1,13.9,1535.3,3838.25
TGx1989-19FxTGx1987-10F-5-3-1-2-2-I,G10,IITA_Ikenne,50,1,2,,1,1,1,3,3,1,77,125,110,10.6,13.4,1391.1,3477.75
TGx1961-1FxTGx1835-10E-1-1-4-2-1-E,G6,IITA_Ikenne,51,2,2,,1,1,1,3,1.5,1,85,125,70,10.4,14.2,1558.3,3895.75
(TGx1987-62F/MW1)-#F5-1006-22,G43,IITA_Ikenne,52,2,2,,1,1,1,2,1,1,67,125,66,10.4,16.8,1633.9,4084.75
(TGx1830-20E/UG5)-#F6-2014-27-5,G32,IITA_Ikenne,53,2,2,,1,1,1,2,2,1,76,125,96,10.7,13,1484.5,3711.25
(TGx1987-9F/TGx1740-2F)-#F5-1025-1,G28,IITA_Ikenne,54,2,2,,1,1,1,3,1,1,78,125,69,11.1,13.4,1379.8,3449.5
TGx 1448-2E,G35,IITA_Ikenne,55,2,2,,1,1,1,3,1,1,71,125,66,11.3,13.5,992.7,2481.75
TGx 2014-16FM,G23,IITA_Ikenne,56,3,2,,1,1,1,2,1.5,1,69,125,43,9.6,15.9,1400.1,3500.25
TGx1987-11FxH7-3-1-1-1-2-6-I,G9,IITA_Ikenne,57,3,2,,1,1,1,2,1.5,1,71,125,59,11.5,14,1208.8,3022
TGx_2015-2E,G3,IITA_Ikenne,58,3,2,,1,1,1,2,1.5,1,68,125,57,9.4,13.7,1482.1,3705.25
Panaroma-3,G16,IITA_Ikenne,59,3,2,,1,1,1,2,1,1.5,117,125,85,11.3,17.2,1671.4,4178.5
(TGx1987-10F/TGx1740-2F)-#F5-1011-6,G40,IITA_Ikenne,60,3,2,,1,1,1,2,2,1,78,125,63,10.1,13.6,1269.2,3173
(TGx1987-62F/MW1)-#F5-1006-15,G42,IITA_Ikenne,61,4,2,,1,1,1,3,1.5,1,80,125,80,8.8,15.8,1452.1,3630.25
TGx 2029-39F,G26,IITA_Ikenne,62,4,2,,1,1,1,2,1,1,92,125,106,10,13.4,1581.7,3954.25
Maksoy-4N,G44,IITA_Ikenne,63,4,2,,1,1,1,2,1.5,1,76,125,38,10.7,18.6,971.9,2429.75
TGx 1989-19F,G36,IITA_Ikenne,64,4,2,,1,1,1,3,1.5,1,72,125,82,10.5,16.2,1482.1,3705.25
(TGx1830-20E/UG5)-#F6-2014-27-6,G33,IITA_Ikenne,65,4,2,,1,1,1,2,3,1,75,125,61,8.7,12.5,1149.2,2873
TGx2029-27F,G39,IITA_Ikenne,66,5,2,,1,1,1,3,1.5,1,115,125,66,9.4,13.7,816.8,2042
TGx_2022-3E,G12,IITA_Ikenne,67,5,2,,1,1,1,1,1,1,75,125,47,9.2,11.5,1089.4,2723.5
TGx_1951-4F,G1,IITA_Ikenne,68,5,2,,1,1,1,3,2,1,86,125,67,11.1,14.3,1301.2,3253
TGx1989-11FxTGx1987-10F-1-1-3-1-3-I,G4,IITA_Ikenne,69,5,2,,2,1,1,3,2,1,88,125,79,10.7,12.1,1007.2,2518
PANORAMA-27D,G21,IITA_Ikenne,70,5,2,,1,1,1,1,1.5,1,79,125,42,10.5,13.5,1106.4,2766
TGx_1993-18FN,G2,IITA_Ikenne,71,6,2,,1,1,1,1.5,1.5,1,53,125,66,9.1,13.8,2122.4,5306
TGx 2029-20F,G38,IITA_Ikenne,72,6,2,,1,1,1,4,2.5,1,89,125,37,9.7,14.8,1897.8,4744.5
TGx1961-1FxH10-2-3-7-2-1,G5,IITA_Ikenne,73,6,2,,1,1,1,3,1,1,80,125,40,10.6,16.8,1470.3,3675.75
TGx2029-31F,G19,IITA_Ikenne,74,6,2,,1,1,1,1.5,2,1,96,125,89,11.1,13.9,1417.9,3544.75
TGx 2029-21F,G15,IITA_Ikenne,75,6,2,,1,1,1,2,2,1,104,125,50,10.5,15.7,881.4,2203.5
(TGx1740-2F/MW1)-#F6-2002-10-11,G37,IITA_Ikenne,76,7,2,,1,1,1,3,1,1,110,125,47,11.4,16.8,1056.7,2641.75
TGx 2029-22F,G34,IITA_Ikenne,77,7,2,,1,1,1,3,1,1,94,125,62,13.7,15,782.7,1956.75
TGx1987-9FxTGx1835-10E-1-2-2-1-1,G7,IITA_Ikenne,78,7,2,,1,1,1,4,1.5,1,68,125,47,9.9,14.5,1192.4,2981
TGx1987-62FxH7-1-1-4-3-2-E,G13,IITA_Ikenne,79,7,2,,1,1,1,1,1.5,1,80,125,76,9.4,11,1163.5,2908.75
TGx1987-11FxH7-3-1-1-1-2-3-I,G8,IITA_Ikenne,80,7,2,,1,1,1,4,1.5,1,72,125,45,10.1,13.1,1186.9,2967.25
SC-SIGNA,G24,IITA_Ikenne,81,8,2,,1,1,1,3,1,1,101,125,40,9.5,15.3,1404.1,3510.25
(TGx1740-2F/MW1)-#F6-2002-10-19,G30,IITA_Ikenne,82,8,2,,1,1,1,2,1,1,65,125,40,9.1,17.1,1452.1,3630.25
TGx1990-38FxTGx1835-10E-1-4-3-1-1-E,G14,IITA_Ikenne,83,8,2,,1,1,1,2,1.5,1,75,125,48,10.4,17.4,1799.1,4497.75
(TGx1740-2F/MW1)-#F6-2002-10-21,G45,IITA_Ikenne,84,8,2,,1,1,1,5,1.5,1,70,125,40,10.6,16.2,1497,3742.5
TGx1989-45FxTGx1835-10E-3-2-1-3-3-E,G11,IITA_Ikenne,85,8,2,,1,1,1,3,2,1,93,125,46,9.3,13.4,1251.1,3127.75
(TGx1740-2F/MW1)-#F6-2002-10-15,G29,IITA_Ikenne,86,9,2,,1,1,1,3,1.5,1,78,125,45,10.5,15.9,1425.2,3563
(TGx1987-10F/TGx1740-2F)-#F5-1011-8,G41,IITA_Ikenne,87,9,2,,1,1,1,2,1.5,1,69,125,27,8.4,12.5,850.1,2125.25
(TGx1740-2F/MW1)-#F6-2002-10-28,G31,IITA_Ikenne,88,9,2,,1,1,1,2,1.5,1,67,125,45,8.9,16.5,1173.6,2934
TGx 2029-7F,G17,IITA_Ikenne,89,9,2,,1,1,1,2,1.5,1,103,125,52,10.2,13.3,1097.7,2744.25
SONGDA,G25,IITA_Ikenne,90,9,2,,1,1,1,2,1.5,1,64,125,23,7.8,16.5,781.6,1954
(TGx1740-2F/MW1)-#F6-2002-10-21,G45,IITA_Ikenne,91,1,3,,1,1,1,2,2,3,74,125,54,10.5,15.8,1612.8,4032
TGx_2022-3E,G12,IITA_Ikenne,92,1,3,,1,1,1,3,1.5,1,58,125,45,11.6,13.3,1332.9,3332.25
TGx1990-38FxTGx1835-10E-1-4-3-1-1-E,G14,IITA_Ikenne,93,1,3,,1,1,1,3,1,3,82,125,50,9,17.5,1301,3252.5
TGx1987-11FxH7-3-1-1-1-2-3-I,G8,IITA_Ikenne,94,1,3,,1,1,1,2,4,1,82,125,50,8.4,13.6,1312.7,3281.75
Panaroma-3,G16,IITA_Ikenne,95,1,3,,1,1,1,4,1,1,100,125,45,9.7,14.9,1201.8,3004.5
TGx1961-1FxH10-2-3-7-2-1,G5,IITA_Ikenne,96,2,3,,1,1,1,3,1.5,1,94,125,70,9.6,16.6,1338.8,3347
(TGx1987-62F/MW1)-#F5-1006-22,G43,IITA_Ikenne,97,2,3,,1,1,1,3,1.5,1,77,125,50,8.7,15.7,1438.6,3596.5
TGx2029-49F,G20,IITA_Ikenne,98,2,3,,1,1,1,2,1.5,1,116,125,40,10.5,13.5,1382.6,3456.5
TGx1989-11FxTGx1987-10F-1-1-3-1-3-I,G4,IITA_Ikenne,99,2,3,,1,1,1,3,1.5,3,75,125,40,10.6,11.6,533.8,1334.5
Maksoy-4N,G44,IITA_Ikenne,100,2,3,,1,1,1,4,1.5,1,94,125,40,10.7,17.7,1420.3,3550.75
TGx 2029-22F,G34,IITA_Ikenne,101,3,3,,1,1,1,2,1.5,1,114,125,55,9.9,12.7,1180.7,2951.75
TGx_2015-2E,G3,IITA_Ikenne,102,3,3,,1,1,1,1,1.5,1,55,125,41,7.8,16.2,939.9,2349.75
TGx1961-1FxTGx1835-10E-1-1-4-2-1-E,G6,IITA_Ikenne,103,3,3,,1,1,1,3,1,1,95,125,40,9.6,14.4,1006.4,2516
TGx_1993-18FN,G2,IITA_Ikenne,104,3,3,,1,1,1,2,1.5,1,64,125,58,10.1,13.3,1243.9,3109.75
PANORAMA-27D,G21,IITA_Ikenne,105,3,3,,2,1,1,2,1,1,65,125,51,9.8,14,1161.1,2902.75
TGx2029-31F,G19,IITA_Ikenne,106,4,3,,1,1,1,2,1,1,84,125,51,11.2,13.9,1210.8,3027
(TGx1740-2F/MW1)-#F6-2002-10-19,G30,IITA_Ikenne,107,4,3,,1,1,1,3,1,1,60,125,40,9.4,16.9,1263.7,3159.25
TGX1951-3F,G27,IITA_Ikenne,108,4,3,,1,1,1,1,1,1,86,124,78.5,10.4,12.9,1171.4,2928.5
(TGx1830-20E/UG5)-#F6-2014-27-5,G32,IITA_Ikenne,109,4,3,,1,1,1,1,2.5,1,70,125,40,10.1,13,1213.4,3033.5
(TGx1987-10F/TGx1740-2F)-#F5-1011-8,G41,IITA_Ikenne,110,4,3,,1,1,1,3,1.5,1,67,125,9,11.5,13.4,395.6,989
SC-SIGNA,G24,IITA_Ikenne,111,5,3,,1,1,1,3,1,1,83,125,55,10.2,18,1253.8,3134.5
(TGx1740-2F/MW1)-#F6-2002-10-15,G29,IITA_Ikenne,112,5,3,,1,1,1,3,1,1,63,125,55,9.6,16.7,876.9,2192.25
TGx 2029-53F,G22,IITA_Ikenne,113,5,3,,1,1,1,1,1,1,97,125,84,10.1,13.9,1392.1,3480.25
(TGx1830-20E/UG5)-#F6-2014-27-6,G33,IITA_Ikenne,114,5,3,,1,1,1,3,2,1,70,125,57,10.1,12,1260.5,3151.25
TGx1987-11FxH7-3-1-1-1-2-6-I,G9,IITA_Ikenne,115,5,3,,1,1,1,2,1.5,1,71,125,50,12.5,13.8,1233.2,3083
TGx 2029-20F,G38,IITA_Ikenne,116,6,3,,1,1,1,3,1.5,1,95,125,80,9.9,15.5,1268.8,3172
TGx1987-62FxH7-1-1-4-3-2-E,G13,IITA_Ikenne,117,6,3,,1,1,1,2,2,1,64,125,62,8.8,11.3,1006,2515
TGx1987-9FxTGx1835-10E-1-2-2-1-1,G7,IITA_Ikenne,118,6,3,,1.5,1,1,2,1.5,1,73,125,58,10.8,14.8,1198.2,2995.5
TGx 1448-2E,G35,IITA_Ikenne,119,6,3,,1.5,1,1,2,1.5,1,57,125,35,9.9,14.8,215.7,539.25
TGx1989-19FxTGx1987-10F-5-3-1-2-2-I,G10,IITA_Ikenne,120,6,3,,1,1,1,2,1.5,1,74,125,58,9.7,12.9,1402.2,3505.5
TGx2029-27F,G39,IITA_Ikenne,121,7,3,,1,1,1,1,1.5,1,96,125,53,12,12.6,802.8,2007
(TGx1740-2F/MW1)-#F6-2002-10-28,G31,IITA_Ikenne,122,7,3,,1,1,1,2,1.5,1,69,125,60,10,15.7,1085.1,2712.75
Panaroma-1,G18,IITA_Ikenne,123,7,3,,1,1,1,3,1,1,98,125,60,10.6,12.1,1015.2,2538
SONGDA,G25,IITA_Ikenne,124,7,3,,1,1,1,3,1,1,106,125,49,11.3,15.4,1347.2,3368
TGx 2029-39F,G26,IITA_Ikenne,125,7,3,,1,1,1,2,1,1,109,125,40,13.1,12.7,968.4,2421
TGx1989-45FxTGx1835-10E-3-2-1-3-3-E,G11,IITA_Ikenne,126,8,3,,1.5,1,1,3,2,1,105,125,48,10.8,15.1,1434.2,3585.5
TGx_1951-4F,G1,IITA_Ikenne,127,8,3,,1,1,1,3,1,1,67,125,40,10.5,14,1289.4,3223.5
(TGx1987-9F/TGx1740-2F)-#F5-1025-1,G28,IITA_Ikenne,128,8,3,,1,1,1,3,1,2,67,125,67,12.9,13.2,1138.2,2845.5
TGx 1989-19F,G36,IITA_Ikenne,129,8,3,,1,1,1,3,1.5,3,70,125,69,9.4,12.4,1583.4,3958.5
(TGx1987-62F/MW1)-#F5-1006-15,G42,IITA_Ikenne,130,8,3,,1,1,1,3,1.5,1,91,125,74,9,15.7,1204.4,3011
(TGx1740-2F/MW1)-#F6-2002-10-11,G37,IITA_Ikenne,131,9,3,,1,1,1,1,1,1,76,125,57,10.4,17,1266.2,3165.5
TGx 2029-7F,G17,IITA_Ikenne,132,9,3,,1,1,1,3,1,1.5,110,125,48,10.5,13.3,1305.5,3263.75
(TGx1987-10F/TGx1740-2F)-#F5-1011-6,G40,IITA_Ikenne,133,9,3,,1,1,1,3,1.5,1,79,125,52,10.1,13.6,1193.2,2983
TGx 2029-21F,G15,IITA_Ikenne,134,9,3,,1,1,1,3,1,1,125,124,53.5,9.45,15.7,1221.2,3052.75
TGx 2014-16FM,G23,IITA_Ikenne,135,9,3,,1,1,1,1,1.5,1,99,125,48,10.1,15,1287.3,3218.25
(TGx1987-9F/TGx1740-2F)-#F5-1025-1,G28,IITA_Zaria,1,1,1,56,,,,5,2,1,66,120,94,7.2,13.5,1569.2,2632.64684
TGx 2029-39F,G26,IITA_Zaria,2,1,1,48,,,,5,1,1,107,110,103,6.9,13.6,2081.5,3492.13255
TGx 2029-7F,G17,IITA_Zaria,3,1,1,47,,,,5,1,2,110,109,86,7.7,11.2,1572.5,2638.18325
TGx 2029-22F,G34,IITA_Zaria,4,1,1,48,,,,4,1,1,88,119,66,7.1,14.2,1598,2680.9646
SC-SIGNA,G24,IITA_Zaria,5,1,1,43,,,,5,1,2,81,106,63,6.9,18.8,1678.4,2815.85168
TGx_1951-4F,G1,IITA_Zaria,6,2,1,51,,,,4,3,2,103,118,171,7,14.2,1345.2,2256.84204
TGx 2029-53F,G22,IITA_Zaria,7,2,1,47,,,,4,1,1,99,119,97,7.6,15,1641.2,2753.44124
TGx1961-1FxH10-2-3-7-2-1,G5,IITA_Zaria,8,2,1,56,,,,5,1,4,86,103,117,7.1,14.7,1507,2528.2939
TGx1987-9FxTGx1835-10E-1-2-2-1-1,G7,IITA_Zaria,9,2,1,51,,,,5,1,1,80,105,123,7.3,19,1059.9,1778.19423
TGx1989-45FxTGx1835-10E-3-2-1-3-3-E,G11,IITA_Zaria,10,2,1,56,,,,5,2,1,92,114,114,6.9,13.3,1433.2,2404.47964
TGx_1993-18FN,G2,IITA_Zaria,11,3,1,48,,,,4,3,4,71,118,74,7.7,15.9,1611.7,2703.94909
Maksoy-4N,G44,IITA_Zaria,12,3,1,48,,,,5,3,3,116,109,73,7.4,15.2,1012.5,1698.67125
TGx2029-31F,G19,IITA_Zaria,13,3,1,47,,,,4,1,1,99,115,78,7.2,16,1094.5,1836.24265
(TGx1830-20E/UG5)-#F6-2014-27-5,G32,IITA_Zaria,14,3,1,44,,,,4,1,2,64,102,130,9,14.3,1681.6,2821.22032
SONGDA,G25,IITA_Zaria,15,3,1,51,,,,4,2,1,85,122,63,7.4,11.5,941.1,1578.88347
(TGx1987-10F/TGx1740-2F)-#F5-1011-8,G41,IITA_Zaria,16,4,1,56,,,,5,1,2,68,119,63,6.9,11.6,1006.1,1687.93397
TGx_2022-3E,G12,IITA_Zaria,17,4,1,58,,,,5,1,1,78,117,66,7.2,14.6,1272.2,2134.36994
TGx_2015-2E,G3,IITA_Zaria,18,4,1,56,,,,5,2,1,64,116,108,7.8,13.8,1411,2367.2347
TGx1989-11FxTGx1987-10F-1-1-3-1-3-I,G4,IITA_Zaria,19,4,1,60,,,,4,1,1,90,116,151,7,12,987.2,1656.22544
TGx1961-1FxTGx1835-10E-1-1-4-2-1-E,G6,IITA_Zaria,20,4,1,56,,,,4,2,1,94,113,110,7.9,14,1078.2,1808.89614
TGx2029-49F,G20,IITA_Zaria,21,5,1,47,,,,5,1,2,94,116,120,7.9,14,1273,2135.7121
Panaroma-3,G16,IITA_Zaria,22,5,1,46,,,,4,1,2,97,119,59,7.2,12.6,761.9,1278.23963
TGx1987-11FxH7-3-1-1-1-2-3-I,G8,IITA_Zaria,23,5,1,59,,,,3,2,1,69,116,101,7,12.7,1121.3,1881.20501
PANORAMA-27D,G21,IITA_Zaria,24,5,1,50,,,,4,2,2,68,121,57,7.1,15.2,847.8,1422.35406
TGx 2014-16FM,G23,IITA_Zaria,25,5,1,37,,,,4,1,1,74,106,90,7.4,15,1204.4,2020.62188
Panaroma-1,G18,IITA_Zaria,26,6,1,49,,,,5,1,1,76,119,30,7.2,13.9,540.5,906.79685
(TGx1740-2F/MW1)-#F6-2002-10-11,G37,IITA_Zaria,27,6,1,45,,,,5,1,1,67,106,123,7,17.3,1234.3,2070.78511
TGx 2029-20F,G38,IITA_Zaria,28,6,1,50,,,,5,1,1,78,102,82,7.2,13.3,1032.2,1731.72194
(TGx1740-2F/MW1)-#F6-2002-10-19,G30,IITA_Zaria,29,6,1,45,,,,3,1,1,64,102,151,7.4,16,1335.9,2241.23943
TGx1987-62FxH7-1-1-4-3-2-E,G13,IITA_Zaria,30,6,1,52,,,,5,1,1,69,104,130,7.5,10.2,1135.4,1904.86058
(TGx1740-2F/MW1)-#F6-2002-10-28,G31,IITA_Zaria,31,7,1,47,,,,4,1,1,75,102,102,7.7,15,1547.4,2596.07298
TGx1987-11FxH7-3-1-1-1-2-6-I,G9,IITA_Zaria,32,7,1,50,,,,5,2,1,65,109,83,6.9,12.8,1252.4,2101.15148
TGx 2029-21F,G15,IITA_Zaria,33,7,1,46,,,,5,2,1,60,120,111,6.9,11.2,1006.7,1688.94059
TGx1989-19FxTGx1987-10F-5-3-1-2-2-I,G10,IITA_Zaria,34,7,1,59,,,,4,1,1,81,119,103,6.9,12,1160.4,1946.80308
(TGx1987-62F/MW1)-#F5-1006-15,G42,IITA_Zaria,35,7,1,52,,,,5,2,1,68,109,90,7.7,15.1,1026.1,1721.48797
(TGx1830-20E/UG5)-#F6-2014-27-6,G33,IITA_Zaria,36,8,1,42,,,,3,1,1,66,103,146,6.9,13,1461.5,2451.95855
(TGx1987-10F/TGx1740-2F)-#F5-1011-6,G40,IITA_Zaria,37,8,1,52,,,,4,1,1,84,109,49,6.9,12.1,850.1,1426.21277
TGx2029-27F,G39,IITA_Zaria,38,8,1,44,,,,5,1,3,71,108,134,6.9,14.3,1127.6,1891.77452
(TGx1740-2F/MW1)-#F6-2002-10-15,G29,IITA_Zaria,39,8,1,45,,,,4,1,1,80,102,127,6.9,16.1,1192.6,2000.82502
TGx1990-38FxTGx1835-10E-1-4-3-1-1-E,G14,IITA_Zaria,40,8,1,45,,,,4,1,4,73,104,116,6.9,12.9,1412,2368.9124
TGX1951-3F,G27,IITA_Zaria,41,9,1,55,,,,5,2,1,90,117,161,7.1,11.3,956.1,1604.04897
TGx 1448-2E,G35,IITA_Zaria,42,9,1,57,,,,5,1,1,69,118,98,6.9,11.1,1223.8,2053.16926
(TGx1987-62F/MW1)-#F5-1006-22,G43,IITA_Zaria,43,9,1,52,,,,4,1,1,89,105,135,7,14.3,1214.6,2037.73442
(TGx1740-2F/MW1)-#F6-2002-10-21,G45,IITA_Zaria,44,9,1,47,,,,4,1,5,91,116,85,7,14.9,961,1612.2697
TGx 1989-19F,G36,IITA_Zaria,45,9,1,48,,,,4,1,5,75,116,124,6.9,15.2,724.6,1215.66142
(TGx1830-20E/UG5)-#F6-2014-27-6,G33,IITA_Zaria,46,1,2,43,,,,3,2,2,92,101,127,7.6,13.8,1495.2,2508.49704
TGX1951-3F,G27,IITA_Zaria,47,1,2,55,,,,5,2,1,71,116,200,7.1,12.6,1184.2,1986.73234
TGx 2029-7F,G17,IITA_Zaria,48,1,2,45,,,,4,1,1,102,117,107,7,13,970.4,1628.04008
(TGx1987-10F/TGx1740-2F)-#F5-1011-8,G41,IITA_Zaria,49,1,2,57,,,,3,2,1,96,116,132,7,12.1,816.9,1370.51313
TGx 2029-21F,G15,IITA_Zaria,50,1,2,48,,,,5,1,1,93,121,106,7.5,11.6,738,1238.1426
(TGx1740-2F/MW1)-#F6-2002-10-21,G45,IITA_Zaria,51,2,2,46,,,,5,1,5,57,108,143,7.3,16.4,1135.7,1905.36389
Panaroma-3,G16,IITA_Zaria,52,2,2,46,,,,5,1,1,70,119,108,7.1,12.9,776,1301.8952
TGx1989-11FxTGx1987-10F-1-1-3-1-3-I,G4,IITA_Zaria,53,2,2,59,,,,4,2,1,64,117,132,8.1,12.3,989.3,1659.74861
TGx 2029-39F,G26,IITA_Zaria,54,2,2,45,,,,5,1,1,90,117,93,6.9,12,1092.2,1832.38394
TGx_1993-18FN,G2,IITA_Zaria,55,2,2,47,,,,3,1,1,71,107,138,7.3,13.6,1261.2,2115.91524
PANORAMA-27D,G21,IITA_Zaria,56,3,2,51,,,,2,3,2,69,118,59,7.3,13.9,1039,1743.1303
(TGx1987-9F/TGx1740-2F)-#F5-1025-1,G28,IITA_Zaria,57,3,2,56,,,,3,1,1,74,119,76,7.1,13.8,1209.3,2028.84261
TGx 2029-22F,G34,IITA_Zaria,58,3,2,49,,,,3,2,2,86,117,60,7.1,15.5,948.8,1591.80176
(TGx1740-2F/MW1)-#F6-2002-10-15,G29,IITA_Zaria,59,3,2,46,,,,2,2,1,75,108,84,7.5,16.8,1408.4,2362.87268
TGx1989-19FxTGx1987-10F-5-3-1-2-2-I,G10,IITA_Zaria,60,3,2,59,,,,4,2,1,88,115,127,6.9,12.7,1646.1,2761.66197
TGx 1989-19F,G36,IITA_Zaria,61,4,2,50,,,,4,1,1,83,109,113,7.1,15.9,843.4,1414.97218
TGx_2022-3E,G12,IITA_Zaria,62,4,2,56,,,,5,2,1,62,118,103,6.9,14.3,965.3,1619.48381
TGx1987-11FxH7-3-1-1-1-2-6-I,G9,IITA_Zaria,63,4,2,50,,,,3,3,2,82,119,129,7.3,13.3,1395.9,2341.90143
Panaroma-1,G18,IITA_Zaria,64,4,2,50,,,,4,2,1,88,122,26,7.1,19.7,528.7,886.99999
TGx 2029-20F,G38,IITA_Zaria,65,4,2,49,,,,3,1,1,74,103,44,7.2,15.9,864.9,1451.04273
(TGx1740-2F/MW1)-#F6-2002-10-28,G31,IITA_Zaria,66,5,2,46,,,,4,1,1,64,105,117,7.4,10.6,1684.2,2825.58234
TGx 1448-2E,G35,IITA_Zaria,67,5,2,47,,,,5,2,1,71,122,96,7.2,11.2,1101.8,1848.48986
TGx2029-31F,G19,IITA_Zaria,68,5,2,46,,,,5,1,2,108,115,95,6.9,15.1,1057.7,1774.50329
(TGx1830-20E/UG5)-#F6-2014-27-5,G32,IITA_Zaria,69,5,2,41,,,,3,1,1,65,102,169,7.6,15,1678.1,2815.34837
TGx2029-27F,G39,IITA_Zaria,70,5,2,44,,,,5,1,1,96,108,120,7.2,15.5,1368.4,2295.76468
TGx1987-9FxTGx1835-10E-1-2-2-1-1,G7,IITA_Zaria,71,6,2,52,,,,4,2,1,80,103,118,7.4,14.1,1041.8,1747.82786
TGx 2014-16FM,G23,IITA_Zaria,72,6,2,40,,,,3,2,2,85,103,104,7.6,15.6,1495.8,2509.50366
SC-SIGNA,G24,IITA_Zaria,73,6,2,41,,,,5,1,2,84,109,76,7.3,16.7,1044.9,1753.02873
(TGx1987-62F/MW1)-#F5-1006-22,G43,IITA_Zaria,74,6,2,50,,,,4,2,1,79,104,137,7.2,16.3,1163.3,1951.66841
TGx1961-1FxTGx1835-10E-1-1-4-2-1-E,G6,IITA_Zaria,75,6,2,56,,,,3,1,1,82,106,77,7.2,18.1,668.2,1121.03914
(TGx1740-2F/MW1)-#F6-2002-10-19,G30,IITA_Zaria,76,7,2,46,,,,4,2,1,66,107,87,7.1,17.1,1213.2,2035.38564
(TGx1987-62F/MW1)-#F5-1006-15,G42,IITA_Zaria,77,7,2,50,,,,5,3,3,84,105,115,6.9,16.7,1153,1934.3881
TGx_1951-4F,G1,IITA_Zaria,78,7,2,53,,,,5,3,1,98,120,103,7.1,18,1806,3029.9262
Maksoy-4N,G44,IITA_Zaria,79,7,2,46,,,,3,3,1,114,109,68,7.2,20.6,978.7,1641.96499
TGx1990-38FxTGx1835-10E-1-4-3-1-1-E,G14,IITA_Zaria,80,7,2,46,,,,5,2,1,68,108,95,7,15.5,1378.9,2313.38053
TGx_2015-2E,G3,IITA_Zaria,81,8,2,55,,,,5,1,1,59,117,71,6.9,15.1,1448.9,2430.81953
TGx1989-45FxTGx1835-10E-3-2-1-3-3-E,G11,IITA_Zaria,82,8,2,57,,,,4,2,1,83,117,108,7.6,16.3,1030.6,1729.03762
TGx1961-1FxH10-2-3-7-2-1,G5,IITA_Zaria,83,8,2,57,,,,4,2,2,81,101,92,6.9,15.8,2051.1,3441.13047
SONGDA,G25,IITA_Zaria,84,8,2,46,,,,5,3,1,90,124,157,7.4,10.4,972.9,1632.23433
(TGx1740-2F/MW1)-#F6-2002-10-11,G37,IITA_Zaria,85,8,2,45,,,,5,2,1,67,109,118,6.9,16.9,1531.5,2569.39755
TGx1987-11FxH7-3-1-1-1-2-3-I,G8,IITA_Zaria,86,9,2,60,,,,5,3,1,81,117,54,8,15.2,1283.5,2153.32795
TGx2029-49F,G20,IITA_Zaria,87,9,2,47,,,,5,1,1,100,116,104,6.9,14.2,1449.6,2431.99392
TGx 2029-53F,G22,IITA_Zaria,88,9,2,45,,,,5,1,2,100,118,71,8,13.3,1136.5,1906.70605
TGx1987-62FxH7-1-1-4-3-2-E,G13,IITA_Zaria,89,9,2,57,,,,3,3,4,71,104,122,7.4,11.6,1186.1,1989.91997
(TGx1987-10F/TGx1740-2F)-#F5-1011-6,G40,IITA_Zaria,90,9,2,56,,,,4,2,1,72,114,81,6.9,13.7,1791.4,3005.43178
TGx_1993-18FN,G2,IITA_Zaria,91,1,3,47,,,,3,4,3,60,115,74,6.9,14.9,1792.4,3007.10948
TGx1961-1FxH10-2-3-7-2-1,G5,IITA_Zaria,92,1,3,56,,,,5,3,2,76,115,99,6.9,16.4,1995.6,3348.01812
TGx1987-11FxH7-3-1-1-1-2-6-I,9,IITA_Zaria,93,1,3,50,,,,5,4,1,85,124,120,7.1,16.8,1235.6,2072.96612
TGx2029-27F,G39,IITA_Zaria,94,1,3,45,,,,4,2,2,90,116,74,7.3,15.7,1488.5,2497.25645
TGx_1951-4F,G1,IITA_Zaria,95,1,3,51,,,,5,4,1,87,119,84,7,14.2,923.3,1549.02041
TGx2029-31F,G19,IITA_Zaria,96,2,3,45,,,,5,2,1,110,119,71,6.9,14.1,1303.9,2187.55303
TGx1989-11FxTGx1987-10F-1-1-3-1-3-I,G4,IITA_Zaria,97,2,3,61,,,,4,3,1,96,116,101,6.9,12.7,1208.7,2027.83599
(TGx1987-10F/TGx1740-2F)-#F5-1011-8,G41,IITA_Zaria,98,2,3,57,,,,4,3,1,75,126,190,7.4,14.4,1865.7,3130.08489
(TGx1740-2F/MW1)-#F6-2002-10-11,G37,IITA_Zaria,99,2,3,46,,,,3,3,2,76,115,71,6.9,17.8,1696.4,2846.05028
TGx 2029-20F,G38,IITA_Zaria,100,2,3,50,,,,5,3,2,95,117,56,8,14.9,1099.5,1844.63115
(TGx1740-2F/MW1)-#F6-2002-10-15,G29,IITA_Zaria,101,3,3,47,,,,4,2,1,73,117,87,7.5,16.8,1424.7,2390.21919
Panaroma-3,G16,IITA_Zaria,102,3,3,47,,,,5,3,1,107,116,89,7.1,14.1,1309.5,2196.94815
TGx_2015-2E,G3,IITA_Zaria,103,3,3,56,,,,4,2,1,68,115,71,6.9,14.9,1235,2071.9595
TGx1987-62FxH7-1-1-4-3-2-E,G13,IITA_Zaria,104,3,3,57,,,,3,3,1,72,105,90,7.5,12.9,892.4,1497.17948
TGx 2029-53F,G22,IITA_Zaria,105,3,3,46,,,,5,1,1,92,119,63,7.5,12.9,858.6,1440.47322
SONGDA,G25,IITA_Zaria,106,4,3,46,,,,4,2,1,82,121,102,7.2,11.2,977,1639.1129
SC-SIGNA,G24,IITA_Zaria,107,4,3,41,,,,5,1,2,84,115,63,6.9,19,1401.4,2351.12878
(TGx1740-2F/MW1)-#F6-2002-10-21,G45,IITA_Zaria,108,4,3,48,,,,4,2,3,75,114,53,7.8,16,1029.2,1726.68884
TGx 2029-21F,G15,IITA_Zaria,109,4,3,47,,,,5,1,1,81,116,34,7,13.7,887.6,1489.12652
TGx1961-1FxTGx1835-10E-1-1-4-2-1-E,G6,IITA_Zaria,110,4,3,52,,,,3,3,1,88,107,132,7.5,15,1092.3,1832.55171
TGx1987-9FxTGx1835-10E-1-2-2-1-1,G8,IITA_Zaria,111,5,3,53,,,,4,3,1,69,107,144,7.3,14.1,991,1662.6007
TGx1989-19FxTGx1987-10F-5-3-1-2-2-I,G10,IITA_Zaria,112,5,3,58,,,,4,1,2,75,115,78,7.6,12.4,1610.8,2702.43916
Panaroma-1,G18,IITA_Zaria,113,5,3,50,,,,4,1,1,85,124,55,7.3,14.7,412.5,692.05125
TGX1951-3F,G27,IITA_Zaria,114,5,3,57,,,,5,2,1,97,116,75,7,11.9,1216.8,2041.42536
TGx 2029-22F,G34,IITA_Zaria,115,5,3,50,,,,5,1,2,93,118,52,6.9,13.6,950.8,1595.15716
(TGx1987-10F/TGx1740-2F)-#F5-1011-6,G40,IITA_Zaria,116,6,3,53,,,,5,1,1,74,115,109,7.1,14.9,1509.3,2532.15261
Maksoy-4N,G44,IITA_Zaria,117,6,3,47,,,,4,2,2,104,116,32,7.5,18.6,732.4,1228.74748
TGx2029-49F,G20,IITA_Zaria,118,6,3,45,,,,5,1,1,105,119,65,7,13.9,952.3,1597.67371
(TGx1830-20E/UG5)-#F6-2014-27-6,G33,IITA_Zaria,119,6,3,43,,,,3,2,1,71,101,135,6.9,14.5,1421.7,2385.18609
TGx 1448-2E,G35,IITA_Zaria,120,6,3,45,,,,4,3,1,89,118,97,7.1,10.9,719.6,1207.27292
TGx1987-11FxH7-3-1-1-1-2-3-I,G9,IITA_Zaria,121,7,3,59,,,,5,2,2,70,116,101,7.1,13.9,860.6,1443.82862
TGx 2029-39F,G26,IITA_Zaria,122,7,3,45,,,,5,1,1,100,117,69,7.2,17.4,1021.7,1714.10609
TGx_2022-3E,G12,IITA_Zaria,123,7,3,56,,,,4,3,2,82,118,59,6.9,12.1,892.9,1498.01833
(TGx1987-62F/MW1)-#F5-1006-22,G43,IITA_Zaria,124,7,3,51,,,,5,2,1,83,116,67,7.1,14.2,1178.4,1977.00168
(TGx1740-2F/MW1)-#F6-2002-10-28,G31,IITA_Zaria,125,7,3,47,,,,5,2,1,73,116,81,7.2,15.9,1245.1,2088.90427
(TGx1987-9F/TGx1740-2F)-#F5-1025-1,G28,IITA_Zaria,126,8,3,48,,,,2,1,1,71,122,198,7.2,11.9,1082.4,1815.94248
TGx1990-38FxTGx1835-10E-1-4-3-1-1-E,G14,IITA_Zaria,127,8,3,45,,,,5,1,1,64,108,85,6.9,18.2,1288.3,2161.38091
(TGx1830-20E/UG5)-#F6-2014-27-5,G32,IITA_Zaria,128,8,3,43,,,,3,1,2,65,103,125,6.9,14.1,1120.7,1880.19839
TGx1989-45FxTGx1835-10E-3-2-1-3-3-E,G11,IITA_Zaria,129,8,3,54,,,,4,2,1,92,116,110,7.4,14.4,1705.9,2861.98843
TGx 2029-7F,G17,IITA_Zaria,130,8,3,46,,,,5,1,1,97,116,91,7.9,12.5,807.3,1354.40721
TGx 1989-19F,G36,IITA_Zaria,131,9,3,50,,,,3,2,3,84,114,91,6.9,15,811.6,1361.62132
(TGx1740-2F/MW1)-#F6-2002-10-19,G30,IITA_Zaria,132,9,3,47,,,,5,3,1,71,116,88,6.9,16.9,974.9,1635.58973
(TGx1987-62F/MW1)-#F5-1006-15,G42,IITA_Zaria,133,9,3,51,,,,4,3,2,76,116,51,6.9,16.1,771.4,1294.17778
PANORAMA-27D,G21,IITA_Zaria,134,9,3,52,,,,4,2,1,74,120,34,7.3,12.2,775.5,1301.05635
TGx 2014-16FM,G23,IITA_Zaria,135,9,3,37,,,,3,1,1,65,100,62,7.2,15.2,863.2,1448.19064
